date,node,type,value,he01,he02,he03,he04,he05,he06,he07,he08,he09,he10,he11,he12,he13,he14,he15,he16,he17,he18,he19,he20,he21,he22,he23,he24
2019-02-19,ARKANSAS.HUB,Hub,LMP,22.07,21.92,22.16,22.03,22.73,23.29,25.78,87.07,26.21,30.72,24.06,31.58,24.02,23.73,23.88,24.06,24.05,24.42,24.01,26.51,23.02,22.18,20.91,20.36
2019-02-19,ILLINOIS.HUB,Hub,LMP,22.85,22.68,23.35,23.27,24.48,24.00,26.75,90.14,32.19,35.29,24.53,32.44,24.50,23.96,23.97,24.02,24.08,24.54,23.91,23.90,22.86,23.61,22.12,24.10
2019-02-19,INDIANA.HUB,Hub,LMP,23.51,23.35,24.09,24.01,25.31,24.82,27.79,93.18,33.21,36.41,25.31,33.49,25.30,24.75,24.74,24.86,25.02,25.60,25.01,24.86,24.08,23.94,22.64,23.05
2019-02-19,LOUISIANA.HUB,Hub,LMP,22.77,22.57,22.81,22.66,23.40,24.01,27.53,93.04,30.10,34.45,24.97,32.46,24.89,24.60,24.69,24.75,24.78,25.16,24.89,29.20,24.30,23.36,21.93,21.26
2019-02-19,MICHIGAN.HUB,Hub,LMP,23.97,23.87,24.54,24.44,25.79,25.23,28.12,93.47,33.38,36.79,25.61,34.13,25.69,25.12,25.08,25.20,25.34,25.97,25.34,25.27,24.52,24.45,23.15,23.72
2019-02-19,MINN.HUB,Hub,LMP,21.21,23.12,24.58,23.45,23.57,23.51,27.36,92.95,32.94,35.59,24.46,31.63,24.00,23.65,23.96,24.25,23.94,24.08,23.25,23.41,21.67,20.39,20.21,19.51
2019-02-19,MS.HUB,Hub,LMP,22.41,22.21,22.42,22.27,22.98,23.57,26.59,89.81,29.60,33.30,24.45,32.10,24.41,24.05,24.14,24.26,24.32,24.75,24.37,29.82,23.65,22.71,21.41,20.83
2019-02-19,TEXAS.HUB,Hub,LMP,22.56,22.40,22.62,22.49,23.18,23.79,25.17,84.02,28.64,32.95,25.12,32.64,25.18,24.92,24.95,25.05,25.04,25.30,25.08,20.31,22.27,23.31,22.06,21.48
2019-02-20,ARKANSAS.HUB,Hub,LMP,20.95,19.30,19.84,19.89,20.50,21.56,24.52,23.07,23.95,26.52,18.89,24.83,23.28,22.07,21.39,19.71,19.84,19.79,23.41,23.48,22.94,20.86,19.87,18.70
2019-02-20,ILLINOIS.HUB,Hub,LMP,26.40,21.19,19.18,21.65,21.97,24.77,28.00,23.11,24.03,26.81,81.81,25.15,23.55,24.79,33.04,26.25,28.22,31.46,45.91,25.08,26.06,22.66,20.32,21.35
2019-02-20,INDIANA.HUB,Hub,LMP,25.22,22.39,23.33,24.04,23.97,25.05,29.17,24.69,25.55,28.47,86.57,26.62,25.00,24.89,29.22,24.71,25.26,27.20,36.18,27.77,29.14,23.29,21.52,21.16
2019-02-20,LOUISIANA.HUB,Hub,LMP,21.78,19.98,20.55,20.57,21.14,22.26,25.39,23.87,24.73,27.33,47.00,25.62,24.17,23.54,24.98,21.70,22.16,23.40,34.50,25.89,25.89,22.25,20.89,19.86
2019-02-20,MICHIGAN.HUB,Hub,LMP,27.44,24.77,26.78,26.51,26.81,25.85,29.90,24.82,25.68,28.79,86.97,26.80,25.15,25.05,28.98,24.51,25.37,27.56,38.59,30.20,30.01,23.77,21.54,21.12
2019-02-20,MINN.HUB,Hub,LMP,20.00,19.69,19.59,19.45,19.70,22.15,22.77,22.42,24.01,29.86,93.15,27.11,26.21,24.60,23.16,19.96,21.45,21.26,25.01,22.41,22.65,22.06,19.57,21.45
2019-02-20,MS.HUB,Hub,LMP,21.43,19.67,20.23,20.27,20.85,21.96,25.01,23.37,24.25,26.90,50.09,25.19,23.72,22.99,24.02,21.22,21.60,22.73,30.44,24.93,24.82,21.74,20.44,19.46
2019-02-20,TEXAS.HUB,Hub,LMP,21.80,20.16,20.72,20.74,21.30,22.28,25.31,23.96,24.80,27.34,36.55,25.60,24.13,23.16,22.79,21.53,21.90,22.32,15.69,23.35,23.12,21.98,20.94,19.99
2019-02-21,ARKANSAS.HUB,Hub,LMP,18.22,18.30,18.33,18.35,18.87,18.98,20.55,22.70,22.45,22.21,21.59,22.01,21.53,21.50,21.73,21.85,22.18,23.14,29.55,71.74,42.72,27.94,27.78,22.88
2019-02-21,ILLINOIS.HUB,Hub,LMP,18.29,18.46,18.45,18.63,20.22,22.13,28.40,24.74,22.98,22.83,23.76,22.55,21.98,21.98,22.24,22.38,22.68,24.47,30.34,28.09,38.24,28.43,28.41,23.52
2019-02-21,INDIANA.HUB,Hub,LMP,20.27,19.68,19.62,19.68,20.82,21.67,25.70,25.18,24.12,23.74,23.76,23.33,22.72,22.73,22.99,23.11,23.44,24.85,31.38,25.48,39.23,29.41,29.41,24.30
2019-02-21,LOUISIANA.HUB,Hub,LMP,18.99,18.89,18.99,18.95,19.71,20.00,22.74,23.91,23.45,23.09,22.69,22.87,22.46,22.53,22.81,22.98,23.40,24.64,30.74,141.11,96.37,29.30,29.03,23.95
2019-02-21,MICHIGAN.HUB,Hub,LMP,20.16,19.80,19.52,19.56,20.67,21.42,25.41,24.83,23.86,23.56,23.57,23.13,22.51,22.48,22.73,22.86,23.27,24.88,31.62,25.53,39.57,29.77,29.86,24.57
2019-02-21,MINN.HUB,Hub,LMP,19.53,18.86,18.19,18.61,19.09,19.34,22.00,22.84,22.83,22.91,22.92,23.50,22.96,22.91,23.18,23.10,23.21,24.26,30.77,34.45,40.17,31.82,30.26,32.54
2019-02-21,MS.HUB,Hub,LMP,18.66,18.59,18.65,18.64,19.39,19.68,22.34,23.41,22.94,22.60,22.22,22.34,21.88,21.91,22.15,22.29,22.65,23.79,29.98,134.28,53.98,28.48,28.33,23.37
2019-02-21,TEXAS.HUB,Hub,LMP,19.15,19.05,18.94,18.91,19.33,19.47,21.20,23.55,23.18,23.08,22.49,22.85,22.38,22.32,22.51,22.63,23.00,23.85,30.67,81.21,42.95,29.06,28.74,23.75
2019-02-22,ARKANSAS.HUB,Hub,LMP,22.50,20.89,21.45,21.91,22.12,21.51,24.17,28.41,24.05,24.15,25.27,25.57,25.33,26.06,23.20,22.92,22.42,23.06,23.50,28.59,21.84,21.84,21.84,21.01
2019-02-22,ILLINOIS.HUB,Hub,LMP,23.18,23.12,22.76,22.49,22.91,25.89,28.19,31.04,24.64,24.69,25.85,26.15,25.98,26.84,24.74,23.44,22.97,23.62,24.03,41.98,23.58,22.42,22.09,21.09
2019-02-22,INDIANA.HUB,Hub,LMP,23.91,22.81,23.03,23.28,23.69,24.63,27.29,31.25,25.68,25.77,27.07,27.38,27.17,28.06,26.02,24.53,24.09,24.87,25.40,36.01,24.18,23.68,23.46,22.39
2019-02-22,LOUISIANA.HUB,Hub,LMP,23.44,21.86,22.23,22.57,22.78,22.71,25.56,29.78,25.01,25.24,26.46,26.76,26.83,33.77,64.04,27.47,28.30,27.76,27.30,42.99,27.41,25.95,25.30,22.91
2019-02-22,MICHIGAN.HUB,Hub,LMP,24.14,23.01,23.24,23.47,23.92,25.07,27.66,31.51,25.82,26.02,27.42,27.81,27.62,28.53,26.43,24.83,24.39,25.25,25.79,36.82,24.69,24.14,23.86,22.64
2019-02-22,MINN.HUB,Hub,LMP,24.35,21.65,22.17,22.54,22.70,22.73,25.40,29.18,24.67,24.47,25.34,25.65,25.29,25.95,23.84,22.71,22.24,22.80,23.11,28.25,20.93,21.50,21.63,21.11
2019-02-22,MS.HUB,Hub,LMP,22.92,21.38,21.79,22.18,22.41,22.33,25.06,29.19,24.46,24.62,25.81,26.14,25.91,26.87,25.19,23.61,23.19,23.85,24.29,30.75,22.77,22.70,22.71,21.74
2019-02-22,TEXAS.HUB,Hub,LMP,23.26,21.92,22.27,22.55,22.73,22.68,25.50,29.54,24.85,25.02,26.12,26.29,25.95,26.46,21.83,23.65,23.14,23.86,24.34,29.87,22.70,22.87,23.00,22.26
2019-02-23,ARKANSAS.HUB,Hub,LMP,20.16,20.18,20.39,20.25,20.75,21.23,21.96,22.47,26.42,28.83,30.25,33.63,24.55,23.36,15.27,12.62,6.16,7.47,12.47,17.36,17.82,20.05,20.83,19.85
2019-02-23,ILLINOIS.HUB,Hub,LMP,20.18,20.27,20.56,20.43,20.92,21.37,22.11,22.66,26.70,28.97,30.40,33.64,24.76,23.66,21.13,20.54,20.57,22.36,21.76,22.02,20.41,20.03,20.67,19.40
2019-02-23,INDIANA.HUB,Hub,LMP,21.36,21.45,21.73,21.56,22.04,22.48,23.22,23.72,27.84,30.13,31.61,34.85,25.65,24.59,21.71,21.54,21.80,23.66,23.05,23.15,21.67,21.22,21.19,20.12
2019-02-23,LOUISIANA.HUB,Hub,LMP,21.56,21.46,21.65,21.42,21.88,22.32,23.07,23.65,28.03,30.81,32.69,36.45,26.51,26.04,53.14,65.88,66.47,68.30,67.34,48.65,37.43,21.57,22.85,21.76
2019-02-23,MICHIGAN.HUB,Hub,LMP,21.50,21.56,21.80,21.54,22.01,22.47,23.22,23.69,27.82,30.15,31.64,34.88,25.63,24.55,21.64,21.55,21.86,23.86,23.34,23.43,21.77,21.25,21.21,20.09
2019-02-23,MINN.HUB,Hub,LMP,20.73,20.96,21.21,21.28,22.09,22.90,23.92,24.72,29.51,33.04,33.79,39.12,26.81,24.98,20.95,24.62,20.83,24.21,22.65,21.80,21.17,23.24,21.28,19.62
2019-02-23,MS.HUB,Hub,LMP,20.76,20.73,20.95,20.76,21.24,21.68,22.40,22.93,26.98,29.42,31.06,34.43,25.35,24.33,22.30,22.56,36.73,39.28,27.28,23.72,22.00,21.08,22.03,20.99
2019-02-23,TEXAS.HUB,Hub,LMP,21.27,21.18,21.33,21.13,21.57,22.01,22.74,23.26,27.23,29.63,31.52,34.74,25.65,24.67,21.49,21.47,21.90,23.43,22.47,22.65,21.45,21.14,22.15,21.11
2019-02-24,ARKANSAS.HUB,Hub,LMP,18.93,18.58,19.01,18.30,17.85,17.59,18.76,19.68,21.19,21.67,22.14,21.04,20.89,20.60,19.84,19.84,19.94,20.55,28.03,25.90,25.03,23.86,23.64,22.83
2019-02-24,ILLINOIS.HUB,Hub,LMP,17.58,19.10,19.88,19.09,18.75,18.53,20.23,20.66,21.53,20.22,20.56,21.71,21.13,20.60,19.79,19.86,20.56,20.87,27.55,26.04,25.44,24.45,23.77,22.81
2019-02-24,INDIANA.HUB,Hub,LMP,18.66,19.21,20.14,19.15,18.55,18.28,19.60,20.57,21.96,21.36,21.63,21.85,21.89,21.67,20.81,20.90,21.05,21.88,30.65,27.63,26.49,25.15,24.77,23.90
2019-02-24,LOUISIANA.HUB,Hub,LMP,20.51,20.01,20.27,19.40,18.83,18.53,19.73,20.73,22.37,22.99,23.49,22.47,22.32,22.01,21.23,21.25,21.42,22.03,30.10,27.66,26.72,25.56,25.28,24.27
2019-02-24,MICHIGAN.HUB,Hub,LMP,18.61,19.15,20.50,19.10,18.42,18.16,19.52,20.43,21.70,21.08,21.38,21.67,21.73,21.57,20.76,20.84,21.05,22.02,31.30,27.80,26.61,25.19,24.78,23.87
2019-02-24,MINN.HUB,Hub,LMP,19.46,18.83,17.79,17.33,16.81,16.56,17.70,18.59,19.13,18.80,19.01,19.11,19.29,19.27,19.18,19.23,19.38,21.74,36.54,36.59,27.99,23.32,23.05,22.33
2019-02-24,MS.HUB,Hub,LMP,19.86,19.42,19.78,18.97,18.42,18.14,19.34,20.30,21.85,22.40,22.85,21.79,21.64,21.35,20.56,20.56,20.69,21.36,29.27,26.99,26.07,24.89,24.62,23.72
2019-02-24,TEXAS.HUB,Hub,LMP,20.07,19.63,19.92,19.11,18.62,18.33,19.52,20.45,19.24,22.65,23.07,22.04,21.88,21.60,20.91,21.10,21.23,21.83,29.69,27.23,26.35,25.19,24.97,24.03
2019-02-25,ARKANSAS.HUB,Hub,LMP,22.57,22.59,25.25,31.04,26.06,24.51,32.09,83.90,50.94,27.43,23.46,26.71,24.55,23.62,24.13,22.47,22.61,24.54,32.29,54.15,35.78,38.47,28.99,24.51
2019-02-25,ILLINOIS.HUB,Hub,LMP,22.25,22.00,24.65,30.24,25.53,23.89,31.24,81.31,55.79,56.84,35.19,29.29,32.86,31.81,27.40,25.47,24.61,25.36,35.80,55.45,40.84,40.65,29.93,25.25
2019-02-25,INDIANA.HUB,Hub,LMP,23.54,23.39,26.17,32.02,26.98,25.45,33.31,85.97,58.37,58.61,36.00,29.94,33.49,32.38,27.90,25.94,25.09,25.93,36.62,56.59,41.74,41.62,30.81,26.22
2019-02-25,LOUISIANA.HUB,Hub,LMP,23.90,23.75,26.49,32.18,26.72,25.28,33.13,85.83,53.18,33.57,26.47,28.35,27.19,26.32,25.83,24.31,24.37,26.14,35.00,57.31,38.57,40.61,30.48,25.79
2019-02-25,MICHIGAN.HUB,Hub,LMP,23.47,23.25,25.94,31.69,26.72,25.14,32.65,83.51,56.74,57.17,35.26,29.54,33.08,32.04,27.68,25.76,24.90,25.84,36.74,56.79,41.87,41.81,31.03,26.53
2019-02-25,MINN.HUB,Hub,LMP,22.61,22.63,25.33,25.96,25.43,25.03,33.71,88.65,77.47,150.09,70.60,37.02,42.83,42.77,33.04,35.98,30.84,27.07,40.39,63.07,59.94,54.01,32.90,27.73
2019-02-25,MS.HUB,Hub,LMP,23.39,23.29,26.05,31.84,26.62,25.11,32.84,85.52,54.68,37.06,26.38,27.82,26.85,26.04,25.33,23.78,23.72,25.40,34.10,56.30,38.12,40.09,30.03,25.44
2019-02-25,TEXAS.HUB,Hub,LMP,23.65,23.50,26.21,31.77,26.44,25.09,32.92,85.29,52.22,30.29,25.24,27.99,25.99,25.06,25.13,23.62,23.88,25.78,34.13,56.42,37.58,39.98,29.97,25.38
