plant_code,plant_name,unit_id,gross_mwh,steady_hours,cap_mw,hr_gross,hr_gross_hsl
594,Indian River,4,1372395.0,5270,420.0,10.340880967968271,9.97317096302184
602,Brandon Shores,1,7231111.0,18502,687.0,10.43355639264534,9.466522797272782
602,Brandon Shores,2,8226938.0,21618,689.0,9.864721978952106,9.326747978733698
876,Kincaid Generating Station,1,9994306.0,26188,577.0,9.876369986322478,9.39118478333582
876,Kincaid Generating Station,2,10821924.0,27392,593.0,9.774304888621575,9.23114379780054
879,Powerton,51,5387520.0,19444,411.0,11.04431089363622,10.393724404931971
879,Powerton,52,5258087.0,18638,412.0,11.014551796212324,10.412212168310397
879,Powerton,61,4809489.0,17721,411.0,11.100093852768625,10.484853497510091
879,Powerton,62,4478113.0,16279,411.0,11.022620036956136,10.46998929756291
883,Waukegan,7,2655191.0,11637,345.0,10.16121675386346,9.528049451876178
883,Waukegan,8,2887121.0,11620,373.0,10.990138838037545,11.277350174650172
884,Will County,4,2190162.0,7387,527.0,10.693795624939753,10.646576220927697
983,Clifty Creek,1,6919608.0,45905,216.0,10.106375308593359,9.727537808725929
983,Clifty Creek,2,7668568.0,49648,217.0,10.084162947645897,9.6455685799973
983,Clifty Creek,3,7120461.0,46967,216.0,10.066795309159144,9.554114759445792
983,Clifty Creek,4,7384110.0,48236,216.0,9.764883563879922,9.496362510240981
983,Clifty Creek,5,7709150.0,49648,217.0,9.777770827079545,9.408630539325141
983,Clifty Creek,6,4180581.0,31097,217.0,9.840661954087045,9.4638102238087
1040,Whitewater Valley,1,96895.0,4688,32.0,11.148097911145427,11.172626660108214
1040,Whitewater Valley,2,217475.0,5439,61.0,11.172384142936906,11.035377932647558
1384,John S. Cooper,1,791501.0,10043,115.0,9.839464041682534,9.790582671302994
1384,John S. Cooper,2,2380477.0,14734,225.0,9.63616089192379,9.497882775954757
1554,Herbert A Wagner,2,18918.0,225,123.0,11.674762034267065,13.280483870967743
1554,Herbert A Wagner,3,696542.0,3621,312.0,10.542317082462375,8.855953402386492
1571,Chalk Point,1,904830.0,3646,353.0,11.02344460446342,10.4133282366882
1571,Chalk Point,2,643273.0,2583,353.0,10.832391212221198,10.525817935076557
1572,Dickerson,1,172617.0,1545,175.0,9.633157919577119,9.406034041931477
1572,Dickerson,2,138082.0,1318,184.0,9.786539705674576,9.518523638374344
1572,Dickerson,3,67817.0,643,180.0,9.665346861727231,9.384443611839641
1573,Morgantown,1,3113313.0,8165,630.0,10.114778318296736,9.545799729249836
1573,Morgantown,2,3026360.0,7685,642.0,9.47641546749102,8.821882393686963
2828,Cardinal,1,25214419.0,47507,636.0,9.468662375507254,9.357828631866441
2828,Cardinal,2,25287984.0,45007,636.0,9.537635335667257,9.511373780193091
2828,Cardinal,3,24277225.0,43740,672.0,9.619397854311094,9.365348843670327
2832,Miami Fort Power Station,7,22914246.0,49480,558.0,9.587592812112756,9.531922398527282
2832,Miami Fort Power Station,8,22808124.0,48587,558.0,8.934946842733906,8.90989767363545
2836,Avon Lake Power Plant,12,2192368.0,4936,653.0,9.025348371875953,8.846729257088912
2840,Conesville,4,3719893.0,8321,834.0,10.340973124430397,9.708077998458082
2866,W H Sammis,5,1907454.0,11083,230.0,10.880187444574196,10.14703830112472
2866,W H Sammis,6,10513257.0,20973,646.0,10.058934823998747,9.701139866531445
2866,W H Sammis,7,9846598.0,20862,648.0,10.065392173405286,9.412106198904562
2876,Kyger Creek,1,7898389.0,46801,223.0,9.740720205631074,9.436334634531718
2876,Kyger Creek,2,8150214.0,48546,221.0,9.780827231616598,9.483989744044125
2876,Kyger Creek,3,8007809.0,47735,220.0,9.969485230404588,9.529489429800778
2876,Kyger Creek,4,7897640.0,47112,219.0,9.955972663309753,9.516732568130836
2876,Kyger Creek,5,7735689.0,46827,219.0,9.959810880029494,9.512090488969301
3118,Conemaugh,1,23183763.0,34061,911.0,9.54956118796777,9.519067109413875
3118,Conemaugh,2,22196597.0,32493,907.0,9.327695310109718,9.212541870413883
3122,Homer City,1,6588307.0,16923,652.0,9.789845395894357,9.148368210963671
3122,Homer City,2,4902645.0,12266,640.0,10.038134230377482,9.46999796120722
3122,Homer City,3,9376881.0,21206,662.0,9.712199751728985,9.407174610060899
3136,Keystone,1,23986900.0,32824,918.0,9.50617164143899,9.216914467725918
3136,Keystone,2,21032755.0,29473,916.0,9.596639995699322,9.308395933705562
3797,Chesterfield Power Station,5,2156137.0,8921,347.0,9.69340618923805,9.30083682138288
3797,Chesterfield Power Station,6,3691942.0,7693,694.0,9.813838169968328,9.876259447002912
3935,John E Amos,1,20407920.0,40407,849.0,9.677379868329782,9.425867675864824
3935,John E Amos,2,19242446.0,38150,835.0,9.716299278150524,9.418894115392543
3935,John E Amos,3,32904972.0,35644,1405.0,9.54504110981067,9.203703529002768
3943,Fort Martin Power Station,1,18652883.0,42803,589.0,9.020600116941718,8.843096257430377
3943,Fort Martin Power Station,2,21110895.0,47803,587.0,9.27591590455095,9.04303113864545
3944,Harrison Power Station,1,29423084.0,46457,701.0,9.222313646687965,9.297066618487884
3944,Harrison Power Station,2,27591865.0,43547,699.0,9.023441248811034,8.943836912892262
3944,Harrison Power Station,3,29403263.0,47404,697.0,9.98914847421602,9.922307478895593
3948,Mitchell (WV),1,14104276.0,29254,765.0,10.160864205039676,9.792914904453728
3948,Mitchell (WV),2,16915714.0,32916,789.0,9.668693522666869,9.372836149909464
3954,Mount Storm Power Station,1,11781300.0,27627,563.0,9.916162001762372,9.73739293837048
3954,Mount Storm Power Station,2,11439325.0,26283,572.0,9.968476596201961,9.81174297852861
3954,Mount Storm Power Station,3,10633467.0,23227,556.0,9.536311978313758,9.37763259208781
6004,Pleasants Power Station,1,16903849.0,29079,701.0,9.369917143666019,9.176482365133108
6004,Pleasants Power Station,2,18177817.0,31677,701.0,9.488242095667555,9.048682678349733
6018,East Bend,2,19662231.0,41014,649.0,10.576937228711227,10.186939680957293
6019,W H Zimmer Generating Station,1,18937830.0,17324,1402.0,9.24007256347442,9.021976258908204
6041,H L Spurlock,1,12678965.0,48228,325.0,9.49065970840154,9.224076177074561
6041,H L Spurlock,2,21310874.0,47291,545.0,9.928056989049297,9.944644837140233
6041,H L Spurlock,3,12838152.0,49085,302.0,8.992119725696625,9.022835728448259
6041,H L Spurlock,4,13258839.0,48193,301.0,8.531831038490164,8.48750123193453
6166,Rockport,MB1,22245538.0,26483,1289.0,9.998850328927302,9.553144344339213
6166,Rockport,MB2,21023391.0,26129,1287.0,9.963388636643607,9.559957972404634
6264,Mountaineer (1301),1,46260501.0,43958,1419.0,9.333881068485743,9.074868573447464
7213,Clover Power Station,1,3766811.0,14470,460.0,10.453310453416911,9.85341313510155
7213,Clover Power Station,2,3684875.0,14037,458.0,10.309590094131726,9.619149585199983
8102,Gen J M Gavin,1,49431576.0,43003,1436.0,9.94220710543055,9.47079302397015
8102,Gen J M Gavin,2,48101836.0,37607,1452.0,9.694900916453774,9.490728897954693
8226,Cheswick,1,3627118.0,9853,590.0,10.10534089528323,9.498631046921911
10143,Colver Green Energy,AAB01,5522846.0,51520,118.0,11.559737861932632,11.17211240590144
10343,Mt. Carmel Cogeneration,SG-101,377197.0,8191,33.0,20.81509749634813,18.278675731599176
10603,Ebensburg Power Company,031,2410199.0,48460,58.0,13.049034448151644,13.0138665874616
10678,AES Warrior Run,001,5546393.0,41375,181.0,12.143935618224578,11.636666413193794
50611,"Rausch Creek Generation, LLC",031,1234531.0,45595,30.0,17.69755832907613,17.581961856731898
50888,Northampton Generating Plant,NGC01,2583098.0,25667,117.0,10.252926947228982,10.303690826080018
54304,Birchwood Power Facility,001,270956.0,1909,231.0,10.112743051536073,9.886754358445748
56671,Longview Power,001,37249406.0,49466,782.0,8.391048637437176,8.309714856961232
