iso,delivery_year,season,area,area_type,metric,value_mw,value_pu,source_doc,source_page
MISO,2023/2024,summer,LRZ 1,lrz,import_limit,5301,,https://cdn.misoenergy.org/PY2023-24%20LOLE%20Study%20Report630053.pdf,5
MISO,2023/2024,summer,LRZ 1,lrz,export_limit,3959,,https://cdn.misoenergy.org/PY2023-24%20LOLE%20Study%20Report630053.pdf,5
MISO,2023/2024,summer,LRZ 1,lrz,requirement,20588,1.139,https://cdn.misoenergy.org/PY2023-24%20LOLE%20Study%20Report630053.pdf,38
MISO,2023/2024,summer,LRZ 1,lrz,import_ability,5299,,https://cdn.misoenergy.org/PY2023-24%20LOLE%20Study%20Report630053.pdf,6
MISO,2023/2024,summer,LRZ 1,lrz,local_clearing_requirement,15076.1,,https://cdn.misoenergy.org/2023%20PRA%20Results629498.pdf,17
MISO,2023/2024,summer,LRZ 1,lrz,system_requirement,18234.4,,https://cdn.misoenergy.org/2023%20PRA%20Results629498.pdf,17
MISO,2023/2024,summer,LRZ 2,lrz,import_limit,3477,,https://cdn.misoenergy.org/PY2023-24%20LOLE%20Study%20Report630053.pdf,5
MISO,2023/2024,summer,LRZ 2,lrz,export_limit,2550,,https://cdn.misoenergy.org/PY2023-24%20LOLE%20Study%20Report630053.pdf,5
MISO,2023/2024,summer,LRZ 2,lrz,requirement,14207,1.120,https://cdn.misoenergy.org/PY2023-24%20LOLE%20Study%20Report630053.pdf,38
MISO,2023/2024,summer,LRZ 2,lrz,import_ability,3477,,https://cdn.misoenergy.org/PY2023-24%20LOLE%20Study%20Report630053.pdf,6
MISO,2023/2024,summer,LRZ 2,lrz,local_clearing_requirement,10552,,https://cdn.misoenergy.org/2023%20PRA%20Results629498.pdf,17
MISO,2023/2024,summer,LRZ 2,lrz,system_requirement,13371.2,,https://cdn.misoenergy.org/2023%20PRA%20Results629498.pdf,17
MISO,2023/2024,summer,LRZ 3,lrz,import_limit,6108,,https://cdn.misoenergy.org/PY2023-24%20LOLE%20Study%20Report630053.pdf,5
MISO,2023/2024,summer,LRZ 3,lrz,export_limit,4310,,https://cdn.misoenergy.org/PY2023-24%20LOLE%20Study%20Report630053.pdf,5
MISO,2023/2024,summer,LRZ 3,lrz,requirement,12808,1.299,https://cdn.misoenergy.org/PY2023-24%20LOLE%20Study%20Report630053.pdf,38
MISO,2023/2024,summer,LRZ 3,lrz,import_ability,6043,,https://cdn.misoenergy.org/PY2023-24%20LOLE%20Study%20Report630053.pdf,6
MISO,2023/2024,summer,LRZ 3,lrz,local_clearing_requirement,6806.3,,https://cdn.misoenergy.org/2023%20PRA%20Results629498.pdf,17
MISO,2023/2024,summer,LRZ 3,lrz,system_requirement,10491.9,,https://cdn.misoenergy.org/2023%20PRA%20Results629498.pdf,17
MISO,2023/2024,summer,LRZ 4,lrz,import_limit,7884,,https://cdn.misoenergy.org/PY2023-24%20LOLE%20Study%20Report630053.pdf,5
MISO,2023/2024,summer,LRZ 4,lrz,export_limit,,,https://cdn.misoenergy.org/PY2023-24%20LOLE%20Study%20Report630053.pdf,5
MISO,2023/2024,summer,LRZ 4,lrz,requirement,11228,1.212,https://cdn.misoenergy.org/PY2023-24%20LOLE%20Study%20Report630053.pdf,38
MISO,2023/2024,summer,LRZ 4,lrz,import_ability,6992,,https://cdn.misoenergy.org/PY2023-24%20LOLE%20Study%20Report630053.pdf,6
MISO,2023/2024,summer,LRZ 4,lrz,local_clearing_requirement,2935,,https://cdn.misoenergy.org/2023%20PRA%20Results629498.pdf,17
MISO,2023/2024,summer,LRZ 4,lrz,system_requirement,9559.5,,https://cdn.misoenergy.org/2023%20PRA%20Results629498.pdf,17
MISO,2023/2024,summer,LRZ 5,lrz,import_limit,3576,,https://cdn.misoenergy.org/PY2023-24%20LOLE%20Study%20Report630053.pdf,5
MISO,2023/2024,summer,LRZ 5,lrz,export_limit,,,https://cdn.misoenergy.org/PY2023-24%20LOLE%20Study%20Report630053.pdf,5
MISO,2023/2024,summer,LRZ 5,lrz,requirement,10269,1.333,https://cdn.misoenergy.org/PY2023-24%20LOLE%20Study%20Report630053.pdf,38
MISO,2023/2024,summer,LRZ 5,lrz,import_ability,3576,,https://cdn.misoenergy.org/PY2023-24%20LOLE%20Study%20Report630053.pdf,6
MISO,2023/2024,summer,LRZ 5,lrz,local_clearing_requirement,6529.5,,https://cdn.misoenergy.org/2023%20PRA%20Results629498.pdf,17
MISO,2023/2024,summer,LRZ 5,lrz,system_requirement,8115.3,,https://cdn.misoenergy.org/2023%20PRA%20Results629498.pdf,17
MISO,2023/2024,summer,LRZ 6,lrz,import_limit,8492,,https://cdn.misoenergy.org/PY2023-24%20LOLE%20Study%20Report630053.pdf,5
MISO,2023/2024,summer,LRZ 6,lrz,export_limit,2703,,https://cdn.misoenergy.org/PY2023-24%20LOLE%20Study%20Report630053.pdf,5
MISO,2023/2024,summer,LRZ 6,lrz,requirement,20817,1.172,https://cdn.misoenergy.org/PY2023-24%20LOLE%20Study%20Report630053.pdf,38
MISO,2023/2024,summer,LRZ 6,lrz,import_ability,8092,,https://cdn.misoenergy.org/PY2023-24%20LOLE%20Study%20Report630053.pdf,6
MISO,2023/2024,summer,LRZ 6,lrz,local_clearing_requirement,11567.6,,https://cdn.misoenergy.org/2023%20PRA%20Results629498.pdf,17
MISO,2023/2024,summer,LRZ 6,lrz,system_requirement,18107.7,,https://cdn.misoenergy.org/2023%20PRA%20Results629498.pdf,17
MISO,2023/2024,summer,LRZ 7,lrz,import_limit,5087,,https://cdn.misoenergy.org/PY2023-24%20LOLE%20Study%20Report630053.pdf,5
MISO,2023/2024,summer,LRZ 7,lrz,export_limit,3953,,https://cdn.misoenergy.org/PY2023-24%20LOLE%20Study%20Report630053.pdf,5
MISO,2023/2024,summer,LRZ 7,lrz,requirement,24428,1.171,https://cdn.misoenergy.org/PY2023-24%20LOLE%20Study%20Report630053.pdf,38
MISO,2023/2024,summer,LRZ 7,lrz,import_ability,5087,,https://cdn.misoenergy.org/PY2023-24%20LOLE%20Study%20Report630053.pdf,6
MISO,2023/2024,summer,LRZ 7,lrz,local_clearing_requirement,18785.5,,https://cdn.misoenergy.org/2023%20PRA%20Results629498.pdf,17
MISO,2023/2024,summer,LRZ 7,lrz,system_requirement,21232.8,,https://cdn.misoenergy.org/2023%20PRA%20Results629498.pdf,17
MISO,2023/2024,summer,LRZ 8,lrz,import_limit,4139,,https://cdn.misoenergy.org/PY2023-24%20LOLE%20Study%20Report630053.pdf,5
MISO,2023/2024,summer,LRZ 8,lrz,export_limit,5503,,https://cdn.misoenergy.org/PY2023-24%20LOLE%20Study%20Report630053.pdf,5
MISO,2023/2024,summer,LRZ 8,lrz,requirement,11269,1.473,https://cdn.misoenergy.org/PY2023-24%20LOLE%20Study%20Report630053.pdf,38
MISO,2023/2024,summer,LRZ 8,lrz,import_ability,4091,,https://cdn.misoenergy.org/PY2023-24%20LOLE%20Study%20Report630053.pdf,6
MISO,2023/2024,summer,LRZ 8,lrz,local_clearing_requirement,7134.5,,https://cdn.misoenergy.org/2023%20PRA%20Results629498.pdf,17
MISO,2023/2024,summer,LRZ 8,lrz,system_requirement,7915.8,,https://cdn.misoenergy.org/2023%20PRA%20Results629498.pdf,17
MISO,2023/2024,summer,LRZ 9,lrz,import_limit,5268,,https://cdn.misoenergy.org/PY2023-24%20LOLE%20Study%20Report630053.pdf,5
MISO,2023/2024,summer,LRZ 9,lrz,export_limit,1574,,https://cdn.misoenergy.org/PY2023-24%20LOLE%20Study%20Report630053.pdf,5
MISO,2023/2024,summer,LRZ 9,lrz,requirement,23994,1.157,https://cdn.misoenergy.org/PY2023-24%20LOLE%20Study%20Report630053.pdf,38
MISO,2023/2024,summer,LRZ 9,lrz,import_ability,4456,,https://cdn.misoenergy.org/PY2023-24%20LOLE%20Study%20Report630053.pdf,6
MISO,2023/2024,summer,LRZ 9,lrz,local_clearing_requirement,18931.4,,https://cdn.misoenergy.org/2023%20PRA%20Results629498.pdf,17
MISO,2023/2024,summer,LRZ 9,lrz,system_requirement,21234.3,,https://cdn.misoenergy.org/2023%20PRA%20Results629498.pdf,17
MISO,2023/2024,summer,LRZ 10,lrz,import_limit,3064,,https://cdn.misoenergy.org/PY2023-24%20LOLE%20Study%20Report630053.pdf,5
MISO,2023/2024,summer,LRZ 10,lrz,export_limit,1794,,https://cdn.misoenergy.org/PY2023-24%20LOLE%20Study%20Report630053.pdf,5
MISO,2023/2024,summer,LRZ 10,lrz,requirement,6952,1.538,https://cdn.misoenergy.org/PY2023-24%20LOLE%20Study%20Report630053.pdf,38
MISO,2023/2024,summer,LRZ 10,lrz,import_ability,3064,,https://cdn.misoenergy.org/PY2023-24%20LOLE%20Study%20Report630053.pdf,6
MISO,2023/2024,summer,LRZ 10,lrz,local_clearing_requirement,3690,,https://cdn.misoenergy.org/2023%20PRA%20Results629498.pdf,17
MISO,2023/2024,summer,LRZ 10,lrz,system_requirement,4628.3,,https://cdn.misoenergy.org/2023%20PRA%20Results629498.pdf,17
MISO,2023/2024,summer,RTO,rto,system_requirement,132891.2,,https://cdn.misoenergy.org/2023%20PRA%20Results629498.pdf,17
MISO,2023/2024,fall,LRZ 1,lrz,import_limit,6528,,https://cdn.misoenergy.org/PY2023-24%20LOLE%20Study%20Report630053.pdf,5
MISO,2023/2024,fall,LRZ 1,lrz,export_limit,3804,,https://cdn.misoenergy.org/PY2023-24%20LOLE%20Study%20Report630053.pdf,5
MISO,2023/2024,fall,LRZ 1,lrz,requirement,19230,1.274,https://cdn.misoenergy.org/PY2023-24%20LOLE%20Study%20Report630053.pdf,38
MISO,2023/2024,fall,LRZ 1,lrz,import_ability,6526,,https://cdn.misoenergy.org/PY2023-24%20LOLE%20Study%20Report630053.pdf,6
MISO,2023/2024,fall,LRZ 1,lrz,local_clearing_requirement,13064.2,,https://cdn.misoenergy.org/2023%20PRA%20Results629498.pdf,18
MISO,2023/2024,fall,LRZ 1,lrz,system_requirement,16789.4,,https://cdn.misoenergy.org/2023%20PRA%20Results629498.pdf,18
MISO,2023/2024,fall,LRZ 2,lrz,import_limit,4411,,https://cdn.misoenergy.org/PY2023-24%20LOLE%20Study%20Report630053.pdf,5
MISO,2023/2024,fall,LRZ 2,lrz,export_limit,3577,,https://cdn.misoenergy.org/PY2023-24%20LOLE%20Study%20Report630053.pdf,5
MISO,2023/2024,fall,LRZ 2,lrz,requirement,13386,1.218,https://cdn.misoenergy.org/PY2023-24%20LOLE%20Study%20Report630053.pdf,38
MISO,2023/2024,fall,LRZ 2,lrz,import_ability,4411,,https://cdn.misoenergy.org/PY2023-24%20LOLE%20Study%20Report630053.pdf,6
MISO,2023/2024,fall,LRZ 2,lrz,local_clearing_requirement,8764.3,,https://cdn.misoenergy.org/2023%20PRA%20Results629498.pdf,18
MISO,2023/2024,fall,LRZ 2,lrz,system_requirement,12181.8,,https://cdn.misoenergy.org/2023%20PRA%20Results629498.pdf,18
MISO,2023/2024,fall,LRZ 3,lrz,import_limit,14375,,https://cdn.misoenergy.org/PY2023-24%20LOLE%20Study%20Report630053.pdf,5
MISO,2023/2024,fall,LRZ 3,lrz,export_limit,4354,,https://cdn.misoenergy.org/PY2023-24%20LOLE%20Study%20Report630053.pdf,5
MISO,2023/2024,fall,LRZ 3,lrz,requirement,12591,1.408,https://cdn.misoenergy.org/PY2023-24%20LOLE%20Study%20Report630053.pdf,38
MISO,2023/2024,fall,LRZ 3,lrz,import_ability,14310,,https://cdn.misoenergy.org/PY2023-24%20LOLE%20Study%20Report630053.pdf,6
MISO,2023/2024,fall,LRZ 3,lrz,local_clearing_requirement,0,,https://cdn.misoenergy.org/2023%20PRA%20Results629498.pdf,18
MISO,2023/2024,fall,LRZ 3,lrz,system_requirement,9979.6,,https://cdn.misoenergy.org/2023%20PRA%20Results629498.pdf,18
MISO,2023/2024,fall,LRZ 4,lrz,import_limit,5173,,https://cdn.misoenergy.org/PY2023-24%20LOLE%20Study%20Report630053.pdf,5
MISO,2023/2024,fall,LRZ 4,lrz,export_limit,4878,,https://cdn.misoenergy.org/PY2023-24%20LOLE%20Study%20Report630053.pdf,5
MISO,2023/2024,fall,LRZ 4,lrz,requirement,10925,1.254,https://cdn.misoenergy.org/PY2023-24%20LOLE%20Study%20Report630053.pdf,38
MISO,2023/2024,fall,LRZ 4,lrz,import_ability,4281,,https://cdn.misoenergy.org/PY2023-24%20LOLE%20Study%20Report630053.pdf,6
MISO,2023/2024,fall,LRZ 4,lrz,local_clearing_requirement,4552.3,,https://cdn.misoenergy.org/2023%20PRA%20Results629498.pdf,18
MISO,2023/2024,fall,LRZ 4,lrz,system_requirement,8811.7,,https://cdn.misoenergy.org/2023%20PRA%20Results629498.pdf,18
MISO,2023/2024,fall,LRZ 5,lrz,import_limit,5380,,https://cdn.misoenergy.org/PY2023-24%20LOLE%20Study%20Report630053.pdf,5
MISO,2023/2024,fall,LRZ 5,lrz,export_limit,1992,,https://cdn.misoenergy.org/PY2023-24%20LOLE%20Study%20Report630053.pdf,5
MISO,2023/2024,fall,LRZ 5,lrz,requirement,9825,1.452,https://cdn.misoenergy.org/PY2023-24%20LOLE%20Study%20Report630053.pdf,38
MISO,2023/2024,fall,LRZ 5,lrz,import_ability,5380,,https://cdn.misoenergy.org/PY2023-24%20LOLE%20Study%20Report630053.pdf,6
MISO,2023/2024,fall,LRZ 5,lrz,local_clearing_requirement,4358.7,,https://cdn.misoenergy.org/2023%20PRA%20Results629498.pdf,18
MISO,2023/2024,fall,LRZ 5,lrz,system_requirement,7645.6,,https://cdn.misoenergy.org/2023%20PRA%20Results629498.pdf,18
MISO,2023/2024,fall,LRZ 6,lrz,import_limit,6070,,https://cdn.misoenergy.org/PY2023-24%20LOLE%20Study%20Report630053.pdf,5
MISO,2023/2024,fall,LRZ 6,lrz,export_limit,1701,,https://cdn.misoenergy.org/PY2023-24%20LOLE%20Study%20Report630053.pdf,5
MISO,2023/2024,fall,LRZ 6,lrz,requirement,20184,1.247,https://cdn.misoenergy.org/PY2023-24%20LOLE%20Study%20Report630053.pdf,38
MISO,2023/2024,fall,LRZ 6,lrz,import_ability,5670,,https://cdn.misoenergy.org/PY2023-24%20LOLE%20Study%20Report630053.pdf,6
MISO,2023/2024,fall,LRZ 6,lrz,local_clearing_requirement,13290.9,,https://cdn.misoenergy.org/2023%20PRA%20Results629498.pdf,18
MISO,2023/2024,fall,LRZ 6,lrz,system_requirement,17237.2,,https://cdn.misoenergy.org/2023%20PRA%20Results629498.pdf,18
MISO,2023/2024,fall,LRZ 7,lrz,import_limit,4285,,https://cdn.misoenergy.org/PY2023-24%20LOLE%20Study%20Report630053.pdf,5
MISO,2023/2024,fall,LRZ 7,lrz,export_limit,3990,,https://cdn.misoenergy.org/PY2023-24%20LOLE%20Study%20Report630053.pdf,5
MISO,2023/2024,fall,LRZ 7,lrz,requirement,24117,1.345,https://cdn.misoenergy.org/PY2023-24%20LOLE%20Study%20Report630053.pdf,38
MISO,2023/2024,fall,LRZ 7,lrz,import_ability,4285,,https://cdn.misoenergy.org/PY2023-24%20LOLE%20Study%20Report630053.pdf,6
MISO,2023/2024,fall,LRZ 7,lrz,local_clearing_requirement,20059,,https://cdn.misoenergy.org/2023%20PRA%20Results629498.pdf,18
MISO,2023/2024,fall,LRZ 7,lrz,system_requirement,19760.9,,https://cdn.misoenergy.org/2023%20PRA%20Results629498.pdf,18
MISO,2023/2024,fall,LRZ 8,lrz,import_limit,4705,,https://cdn.misoenergy.org/PY2023-24%20LOLE%20Study%20Report630053.pdf,5
MISO,2023/2024,fall,LRZ 8,lrz,export_limit,5080,,https://cdn.misoenergy.org/PY2023-24%20LOLE%20Study%20Report630053.pdf,5
MISO,2023/2024,fall,LRZ 8,lrz,requirement,10218,1.490,https://cdn.misoenergy.org/PY2023-24%20LOLE%20Study%20Report630053.pdf,38
MISO,2023/2024,fall,LRZ 8,lrz,import_ability,4657,,https://cdn.misoenergy.org/PY2023-24%20LOLE%20Study%20Report630053.pdf,6
MISO,2023/2024,fall,LRZ 8,lrz,local_clearing_requirement,5608.2,,https://cdn.misoenergy.org/2023%20PRA%20Results629498.pdf,18
MISO,2023/2024,fall,LRZ 8,lrz,system_requirement,7580.1,,https://cdn.misoenergy.org/2023%20PRA%20Results629498.pdf,18
MISO,2023/2024,fall,LRZ 9,lrz,import_limit,6045,,https://cdn.misoenergy.org/PY2023-24%20LOLE%20Study%20Report630053.pdf,5
MISO,2023/2024,fall,LRZ 9,lrz,export_limit,1526,,https://cdn.misoenergy.org/PY2023-24%20LOLE%20Study%20Report630053.pdf,5
MISO,2023/2024,fall,LRZ 9,lrz,requirement,24607,1.278,https://cdn.misoenergy.org/PY2023-24%20LOLE%20Study%20Report630053.pdf,38
MISO,2023/2024,fall,LRZ 9,lrz,import_ability,5233,,https://cdn.misoenergy.org/PY2023-24%20LOLE%20Study%20Report630053.pdf,6
MISO,2023/2024,fall,LRZ 9,lrz,local_clearing_requirement,18942.7,,https://cdn.misoenergy.org/2023%20PRA%20Results629498.pdf,18
MISO,2023/2024,fall,LRZ 9,lrz,system_requirement,21082.1,,https://cdn.misoenergy.org/2023%20PRA%20Results629498.pdf,18
MISO,2023/2024,fall,LRZ 10,lrz,import_limit,2425,,https://cdn.misoenergy.org/PY2023-24%20LOLE%20Study%20Report630053.pdf,5
MISO,2023/2024,fall,LRZ 10,lrz,export_limit,2878,,https://cdn.misoenergy.org/PY2023-24%20LOLE%20Study%20Report630053.pdf,5
MISO,2023/2024,fall,LRZ 10,lrz,requirement,6738,1.619,https://cdn.misoenergy.org/PY2023-24%20LOLE%20Study%20Report630053.pdf,38
MISO,2023/2024,fall,LRZ 10,lrz,import_ability,2425,,https://cdn.misoenergy.org/PY2023-24%20LOLE%20Study%20Report630053.pdf,6
MISO,2023/2024,fall,LRZ 10,lrz,local_clearing_requirement,4307.8,,https://cdn.misoenergy.org/2023%20PRA%20Results629498.pdf,18
MISO,2023/2024,fall,LRZ 10,lrz,system_requirement,4727,,https://cdn.misoenergy.org/2023%20PRA%20Results629498.pdf,18
MISO,2023/2024,fall,RTO,rto,system_requirement,125795.4,,https://cdn.misoenergy.org/2023%20PRA%20Results629498.pdf,18
MISO,2023/2024,winter,LRZ 1,lrz,import_limit,4937,,https://cdn.misoenergy.org/PY2023-24%20LOLE%20Study%20Report630053.pdf,5
MISO,2023/2024,winter,LRZ 1,lrz,export_limit,3501,,https://cdn.misoenergy.org/PY2023-24%20LOLE%20Study%20Report630053.pdf,5
MISO,2023/2024,winter,LRZ 1,lrz,requirement,20676,1.403,https://cdn.misoenergy.org/PY2023-24%20LOLE%20Study%20Report630053.pdf,39
MISO,2023/2024,winter,LRZ 1,lrz,import_ability,4935,,https://cdn.misoenergy.org/PY2023-24%20LOLE%20Study%20Report630053.pdf,6
MISO,2023/2024,winter,LRZ 1,lrz,local_clearing_requirement,15797.1,,https://cdn.misoenergy.org/2023%20PRA%20Results629498.pdf,19
MISO,2023/2024,winter,LRZ 1,lrz,system_requirement,18245.5,,https://cdn.misoenergy.org/2023%20PRA%20Results629498.pdf,19
MISO,2023/2024,winter,LRZ 2,lrz,import_limit,4905,,https://cdn.misoenergy.org/PY2023-24%20LOLE%20Study%20Report630053.pdf,5
MISO,2023/2024,winter,LRZ 2,lrz,export_limit,4198,,https://cdn.misoenergy.org/PY2023-24%20LOLE%20Study%20Report630053.pdf,5
MISO,2023/2024,winter,LRZ 2,lrz,requirement,13577,1.422,https://cdn.misoenergy.org/PY2023-24%20LOLE%20Study%20Report630053.pdf,39
MISO,2023/2024,winter,LRZ 2,lrz,import_ability,4905,,https://cdn.misoenergy.org/PY2023-24%20LOLE%20Study%20Report630053.pdf,6
MISO,2023/2024,winter,LRZ 2,lrz,local_clearing_requirement,8596.5,,https://cdn.misoenergy.org/2023%20PRA%20Results629498.pdf,19
MISO,2023/2024,winter,LRZ 2,lrz,system_requirement,11708.9,,https://cdn.misoenergy.org/2023%20PRA%20Results629498.pdf,19
MISO,2023/2024,winter,LRZ 3,lrz,import_limit,11039,,https://cdn.misoenergy.org/PY2023-24%20LOLE%20Study%20Report630053.pdf,5
MISO,2023/2024,winter,LRZ 3,lrz,export_limit,7002,,https://cdn.misoenergy.org/PY2023-24%20LOLE%20Study%20Report630053.pdf,5
MISO,2023/2024,winter,LRZ 3,lrz,requirement,14844,1.850,https://cdn.misoenergy.org/PY2023-24%20LOLE%20Study%20Report630053.pdf,39
MISO,2023/2024,winter,LRZ 3,lrz,import_ability,10974,,https://cdn.misoenergy.org/PY2023-24%20LOLE%20Study%20Report630053.pdf,6
MISO,2023/2024,winter,LRZ 3,lrz,local_clearing_requirement,3628.8,,https://cdn.misoenergy.org/2023%20PRA%20Results629498.pdf,19
MISO,2023/2024,winter,LRZ 3,lrz,system_requirement,10215.4,,https://cdn.misoenergy.org/2023%20PRA%20Results629498.pdf,19
MISO,2023/2024,winter,LRZ 4,lrz,import_limit,3928,,https://cdn.misoenergy.org/PY2023-24%20LOLE%20Study%20Report630053.pdf,5
MISO,2023/2024,winter,LRZ 4,lrz,export_limit,3445,,https://cdn.misoenergy.org/PY2023-24%20LOLE%20Study%20Report630053.pdf,5
MISO,2023/2024,winter,LRZ 4,lrz,requirement,10179,1.365,https://cdn.misoenergy.org/PY2023-24%20LOLE%20Study%20Report630053.pdf,39
MISO,2023/2024,winter,LRZ 4,lrz,import_ability,3036,,https://cdn.misoenergy.org/PY2023-24%20LOLE%20Study%20Report630053.pdf,6
MISO,2023/2024,winter,LRZ 4,lrz,local_clearing_requirement,6009,,https://cdn.misoenergy.org/2023%20PRA%20Results629498.pdf,19
MISO,2023/2024,winter,LRZ 4,lrz,system_requirement,9093.9,,https://cdn.misoenergy.org/2023%20PRA%20Results629498.pdf,19
MISO,2023/2024,winter,LRZ 5,lrz,import_limit,3811,,https://cdn.misoenergy.org/PY2023-24%20LOLE%20Study%20Report630053.pdf,5
MISO,2023/2024,winter,LRZ 5,lrz,export_limit,6348,,https://cdn.misoenergy.org/PY2023-24%20LOLE%20Study%20Report630053.pdf,5
MISO,2023/2024,winter,LRZ 5,lrz,requirement,9724,1.474,https://cdn.misoenergy.org/PY2023-24%20LOLE%20Study%20Report630053.pdf,39
MISO,2023/2024,winter,LRZ 5,lrz,import_ability,3811,,https://cdn.misoenergy.org/PY2023-24%20LOLE%20Study%20Report630053.pdf,6
MISO,2023/2024,winter,LRZ 5,lrz,local_clearing_requirement,6022.8,,https://cdn.misoenergy.org/2023%20PRA%20Results629498.pdf,19
MISO,2023/2024,winter,LRZ 5,lrz,system_requirement,8231.1,,https://cdn.misoenergy.org/2023%20PRA%20Results629498.pdf,19
MISO,2023/2024,winter,LRZ 6,lrz,import_limit,8818,,https://cdn.misoenergy.org/PY2023-24%20LOLE%20Study%20Report630053.pdf,5
MISO,2023/2024,winter,LRZ 6,lrz,export_limit,1242,,https://cdn.misoenergy.org/PY2023-24%20LOLE%20Study%20Report630053.pdf,5
MISO,2023/2024,winter,LRZ 6,lrz,requirement,21042,1.301,https://cdn.misoenergy.org/PY2023-24%20LOLE%20Study%20Report630053.pdf,39
MISO,2023/2024,winter,LRZ 6,lrz,import_ability,8418,,https://cdn.misoenergy.org/PY2023-24%20LOLE%20Study%20Report630053.pdf,6
MISO,2023/2024,winter,LRZ 6,lrz,local_clearing_requirement,10854.4,,https://cdn.misoenergy.org/2023%20PRA%20Results629498.pdf,19
MISO,2023/2024,winter,LRZ 6,lrz,system_requirement,18290.9,,https://cdn.misoenergy.org/2023%20PRA%20Results629498.pdf,19
MISO,2023/2024,winter,LRZ 7,lrz,import_limit,6340,,https://cdn.misoenergy.org/PY2023-24%20LOLE%20Study%20Report630053.pdf,5
MISO,2023/2024,winter,LRZ 7,lrz,export_limit,4350,,https://cdn.misoenergy.org/PY2023-24%20LOLE%20Study%20Report630053.pdf,5
MISO,2023/2024,winter,LRZ 7,lrz,requirement,21940,1.573,https://cdn.misoenergy.org/PY2023-24%20LOLE%20Study%20Report630053.pdf,39
MISO,2023/2024,winter,LRZ 7,lrz,import_ability,6340,,https://cdn.misoenergy.org/PY2023-24%20LOLE%20Study%20Report630053.pdf,6
MISO,2023/2024,winter,LRZ 7,lrz,local_clearing_requirement,15693.1,,https://cdn.misoenergy.org/2023%20PRA%20Results629498.pdf,19
MISO,2023/2024,winter,LRZ 7,lrz,system_requirement,16927.7,,https://cdn.misoenergy.org/2023%20PRA%20Results629498.pdf,19
MISO,2023/2024,winter,LRZ 8,lrz,import_limit,4729,,https://cdn.misoenergy.org/PY2023-24%20LOLE%20Study%20Report630053.pdf,5
MISO,2023/2024,winter,LRZ 8,lrz,export_limit,5351,,https://cdn.misoenergy.org/PY2023-24%20LOLE%20Study%20Report630053.pdf,5
MISO,2023/2024,winter,LRZ 8,lrz,requirement,10280,1.503,https://cdn.misoenergy.org/PY2023-24%20LOLE%20Study%20Report630053.pdf,39
MISO,2023/2024,winter,LRZ 8,lrz,import_ability,4681,,https://cdn.misoenergy.org/PY2023-24%20LOLE%20Study%20Report630053.pdf,6
MISO,2023/2024,winter,LRZ 8,lrz,local_clearing_requirement,5691.3,,https://cdn.misoenergy.org/2023%20PRA%20Results629498.pdf,19
MISO,2023/2024,winter,LRZ 8,lrz,system_requirement,8518.6,,https://cdn.misoenergy.org/2023%20PRA%20Results629498.pdf,19
MISO,2023/2024,winter,LRZ 9,lrz,import_limit,6080,,https://cdn.misoenergy.org/PY2023-24%20LOLE%20Study%20Report630053.pdf,5
MISO,2023/2024,winter,LRZ 9,lrz,export_limit,877,,https://cdn.misoenergy.org/PY2023-24%20LOLE%20Study%20Report630053.pdf,5
MISO,2023/2024,winter,LRZ 9,lrz,requirement,24503,1.323,https://cdn.misoenergy.org/PY2023-24%20LOLE%20Study%20Report630053.pdf,39
MISO,2023/2024,winter,LRZ 9,lrz,import_ability,5268,,https://cdn.misoenergy.org/PY2023-24%20LOLE%20Study%20Report630053.pdf,6
MISO,2023/2024,winter,LRZ 9,lrz,local_clearing_requirement,18398.1,,https://cdn.misoenergy.org/2023%20PRA%20Results629498.pdf,19
MISO,2023/2024,winter,LRZ 9,lrz,system_requirement,22110.4,,https://cdn.misoenergy.org/2023%20PRA%20Results629498.pdf,19
MISO,2023/2024,winter,LRZ 10,lrz,import_limit,2396,,https://cdn.misoenergy.org/PY2023-24%20LOLE%20Study%20Report630053.pdf,5
MISO,2023/2024,winter,LRZ 10,lrz,export_limit,1980,,https://cdn.misoenergy.org/PY2023-24%20LOLE%20Study%20Report630053.pdf,5
MISO,2023/2024,winter,LRZ 10,lrz,requirement,6852,1.777,https://cdn.misoenergy.org/PY2023-24%20LOLE%20Study%20Report630053.pdf,39
MISO,2023/2024,winter,LRZ 10,lrz,import_ability,2396,,https://cdn.misoenergy.org/PY2023-24%20LOLE%20Study%20Report630053.pdf,6
MISO,2023/2024,winter,LRZ 10,lrz,local_clearing_requirement,4519.4,,https://cdn.misoenergy.org/2023%20PRA%20Results629498.pdf,19
MISO,2023/2024,winter,LRZ 10,lrz,system_requirement,4761.8,,https://cdn.misoenergy.org/2023%20PRA%20Results629498.pdf,19
MISO,2023/2024,winter,RTO,rto,system_requirement,128104.2,,https://cdn.misoenergy.org/2023%20PRA%20Results629498.pdf,19
MISO,2023/2024,spring,LRZ 1,lrz,import_limit,6185,,https://cdn.misoenergy.org/PY2023-24%20LOLE%20Study%20Report630053.pdf,5
MISO,2023/2024,spring,LRZ 1,lrz,export_limit,4321,,https://cdn.misoenergy.org/PY2023-24%20LOLE%20Study%20Report630053.pdf,5
MISO,2023/2024,spring,LRZ 1,lrz,requirement,18439,1.375,https://cdn.misoenergy.org/PY2023-24%20LOLE%20Study%20Report630053.pdf,39
MISO,2023/2024,spring,LRZ 1,lrz,import_ability,6183,,https://cdn.misoenergy.org/PY2023-24%20LOLE%20Study%20Report630053.pdf,6
MISO,2023/2024,spring,LRZ 1,lrz,local_clearing_requirement,13171.6,,https://cdn.misoenergy.org/2023%20PRA%20Results629498.pdf,20
MISO,2023/2024,spring,LRZ 1,lrz,system_requirement,17304.2,,https://cdn.misoenergy.org/2023%20PRA%20Results629498.pdf,20
MISO,2023/2024,spring,LRZ 2,lrz,import_limit,4454,,https://cdn.misoenergy.org/PY2023-24%20LOLE%20Study%20Report630053.pdf,5
MISO,2023/2024,spring,LRZ 2,lrz,export_limit,3679,,https://cdn.misoenergy.org/PY2023-24%20LOLE%20Study%20Report630053.pdf,5
MISO,2023/2024,spring,LRZ 2,lrz,requirement,12590,1.267,https://cdn.misoenergy.org/PY2023-24%20LOLE%20Study%20Report630053.pdf,39
MISO,2023/2024,spring,LRZ 2,lrz,import_ability,4454,,https://cdn.misoenergy.org/PY2023-24%20LOLE%20Study%20Report630053.pdf,6
MISO,2023/2024,spring,LRZ 2,lrz,local_clearing_requirement,8039.5,,https://cdn.misoenergy.org/2023%20PRA%20Results629498.pdf,20
MISO,2023/2024,spring,LRZ 2,lrz,system_requirement,12009.8,,https://cdn.misoenergy.org/2023%20PRA%20Results629498.pdf,20
MISO,2023/2024,spring,LRZ 3,lrz,import_limit,7675,,https://cdn.misoenergy.org/PY2023-24%20LOLE%20Study%20Report630053.pdf,5
MISO,2023/2024,spring,LRZ 3,lrz,export_limit,6173,,https://cdn.misoenergy.org/PY2023-24%20LOLE%20Study%20Report630053.pdf,5
MISO,2023/2024,spring,LRZ 3,lrz,requirement,12748,1.623,https://cdn.misoenergy.org/PY2023-24%20LOLE%20Study%20Report630053.pdf,39
MISO,2023/2024,spring,LRZ 3,lrz,import_ability,7610,,https://cdn.misoenergy.org/PY2023-24%20LOLE%20Study%20Report630053.pdf,6
MISO,2023/2024,spring,LRZ 3,lrz,local_clearing_requirement,5175.3,,https://cdn.misoenergy.org/2023%20PRA%20Results629498.pdf,20
MISO,2023/2024,spring,LRZ 3,lrz,system_requirement,9590,,https://cdn.misoenergy.org/2023%20PRA%20Results629498.pdf,20
MISO,2023/2024,spring,LRZ 4,lrz,import_limit,5906,,https://cdn.misoenergy.org/PY2023-24%20LOLE%20Study%20Report630053.pdf,5
MISO,2023/2024,spring,LRZ 4,lrz,export_limit,3745,,https://cdn.misoenergy.org/PY2023-24%20LOLE%20Study%20Report630053.pdf,5
MISO,2023/2024,spring,LRZ 4,lrz,requirement,10172,1.454,https://cdn.misoenergy.org/PY2023-24%20LOLE%20Study%20Report630053.pdf,39
MISO,2023/2024,spring,LRZ 4,lrz,import_ability,5014,,https://cdn.misoenergy.org/PY2023-24%20LOLE%20Study%20Report630053.pdf,6
MISO,2023/2024,spring,LRZ 4,lrz,local_clearing_requirement,3539.5,,https://cdn.misoenergy.org/2023%20PRA%20Results629498.pdf,20
MISO,2023/2024,spring,LRZ 4,lrz,system_requirement,8033.5,,https://cdn.misoenergy.org/2023%20PRA%20Results629498.pdf,20
MISO,2023/2024,spring,LRZ 5,lrz,import_limit,3881,,https://cdn.misoenergy.org/PY2023-24%20LOLE%20Study%20Report630053.pdf,5
MISO,2023/2024,spring,LRZ 5,lrz,export_limit,3724,,https://cdn.misoenergy.org/PY2023-24%20LOLE%20Study%20Report630053.pdf,5
MISO,2023/2024,spring,LRZ 5,lrz,requirement,9713,1.610,https://cdn.misoenergy.org/PY2023-24%20LOLE%20Study%20Report630053.pdf,39
MISO,2023/2024,spring,LRZ 5,lrz,import_ability,3881,,https://cdn.misoenergy.org/PY2023-24%20LOLE%20Study%20Report630053.pdf,6
MISO,2023/2024,spring,LRZ 5,lrz,local_clearing_requirement,5829.2,,https://cdn.misoenergy.org/2023%20PRA%20Results629498.pdf,20
MISO,2023/2024,spring,LRZ 5,lrz,system_requirement,7392.2,,https://cdn.misoenergy.org/2023%20PRA%20Results629498.pdf,20
MISO,2023/2024,spring,LRZ 6,lrz,import_limit,8162,,https://cdn.misoenergy.org/PY2023-24%20LOLE%20Study%20Report630053.pdf,5
MISO,2023/2024,spring,LRZ 6,lrz,export_limit,2344,,https://cdn.misoenergy.org/PY2023-24%20LOLE%20Study%20Report630053.pdf,5
MISO,2023/2024,spring,LRZ 6,lrz,requirement,19765,1.320,https://cdn.misoenergy.org/PY2023-24%20LOLE%20Study%20Report630053.pdf,39
MISO,2023/2024,spring,LRZ 6,lrz,import_ability,7762,,https://cdn.misoenergy.org/PY2023-24%20LOLE%20Study%20Report630053.pdf,6
MISO,2023/2024,spring,LRZ 6,lrz,local_clearing_requirement,10978.3,,https://cdn.misoenergy.org/2023%20PRA%20Results629498.pdf,20
MISO,2023/2024,spring,LRZ 6,lrz,system_requirement,17552.4,,https://cdn.misoenergy.org/2023%20PRA%20Results629498.pdf,20
MISO,2023/2024,spring,LRZ 7,lrz,import_limit,5559,,https://cdn.misoenergy.org/PY2023-24%20LOLE%20Study%20Report630053.pdf,5
MISO,2023/2024,spring,LRZ 7,lrz,export_limit,4413,,https://cdn.misoenergy.org/PY2023-24%20LOLE%20Study%20Report630053.pdf,5
MISO,2023/2024,spring,LRZ 7,lrz,requirement,21475,1.329,https://cdn.misoenergy.org/PY2023-24%20LOLE%20Study%20Report630053.pdf,39
MISO,2023/2024,spring,LRZ 7,lrz,import_ability,5559,,https://cdn.misoenergy.org/PY2023-24%20LOLE%20Study%20Report630053.pdf,6
MISO,2023/2024,spring,LRZ 7,lrz,local_clearing_requirement,15654.3,,https://cdn.misoenergy.org/2023%20PRA%20Results629498.pdf,20
MISO,2023/2024,spring,LRZ 7,lrz,system_requirement,19038.9,,https://cdn.misoenergy.org/2023%20PRA%20Results629498.pdf,20
MISO,2023/2024,spring,LRZ 8,lrz,import_limit,4606,,https://cdn.misoenergy.org/PY2023-24%20LOLE%20Study%20Report630053.pdf,5
MISO,2023/2024,spring,LRZ 8,lrz,export_limit,5472,,https://cdn.misoenergy.org/PY2023-24%20LOLE%20Study%20Report630053.pdf,5
MISO,2023/2024,spring,LRZ 8,lrz,requirement,9852,1.627,https://cdn.misoenergy.org/PY2023-24%20LOLE%20Study%20Report630053.pdf,39
MISO,2023/2024,spring,LRZ 8,lrz,import_ability,4558,,https://cdn.misoenergy.org/PY2023-24%20LOLE%20Study%20Report630053.pdf,6
MISO,2023/2024,spring,LRZ 8,lrz,local_clearing_requirement,5907.1,,https://cdn.misoenergy.org/2023%20PRA%20Results629498.pdf,20
MISO,2023/2024,spring,LRZ 8,lrz,system_requirement,7678.5,,https://cdn.misoenergy.org/2023%20PRA%20Results629498.pdf,20
MISO,2023/2024,spring,LRZ 9,lrz,import_limit,6250,,https://cdn.misoenergy.org/PY2023-24%20LOLE%20Study%20Report630053.pdf,5
MISO,2023/2024,spring,LRZ 9,lrz,export_limit,2240,,https://cdn.misoenergy.org/PY2023-24%20LOLE%20Study%20Report630053.pdf,5
MISO,2023/2024,spring,LRZ 9,lrz,requirement,24071,1.315,https://cdn.misoenergy.org/PY2023-24%20LOLE%20Study%20Report630053.pdf,39
MISO,2023/2024,spring,LRZ 9,lrz,import_ability,5438,,https://cdn.misoenergy.org/PY2023-24%20LOLE%20Study%20Report630053.pdf,6
MISO,2023/2024,spring,LRZ 9,lrz,local_clearing_requirement,18105.2,,https://cdn.misoenergy.org/2023%20PRA%20Results629498.pdf,20
MISO,2023/2024,spring,LRZ 9,lrz,system_requirement,21272.9,,https://cdn.misoenergy.org/2023%20PRA%20Results629498.pdf,20
MISO,2023/2024,spring,LRZ 10,lrz,import_limit,2144,,https://cdn.misoenergy.org/PY2023-24%20LOLE%20Study%20Report630053.pdf,5
MISO,2023/2024,spring,LRZ 10,lrz,export_limit,2720,,https://cdn.misoenergy.org/PY2023-24%20LOLE%20Study%20Report630053.pdf,5
MISO,2023/2024,spring,LRZ 10,lrz,requirement,6582,1.747,https://cdn.misoenergy.org/PY2023-24%20LOLE%20Study%20Report630053.pdf,39
MISO,2023/2024,spring,LRZ 10,lrz,import_ability,2144,,https://cdn.misoenergy.org/PY2023-24%20LOLE%20Study%20Report630053.pdf,6
MISO,2023/2024,spring,LRZ 10,lrz,local_clearing_requirement,4303.5,,https://cdn.misoenergy.org/2023%20PRA%20Results629498.pdf,20
MISO,2023/2024,spring,LRZ 10,lrz,system_requirement,4516.7,,https://cdn.misoenergy.org/2023%20PRA%20Results629498.pdf,20
MISO,2023/2024,spring,RTO,rto,system_requirement,124389.1,,https://cdn.misoenergy.org/2023%20PRA%20Results629498.pdf,20
MISO,2024/2025,summer,LRZ 1,lrz,import_limit,6462,,https://cdn.misoenergy.org/PY2024-25%20LOLE%20Study%20Report631054.pdf,5
MISO,2024/2025,summer,LRZ 1,lrz,export_limit,4537,,https://cdn.misoenergy.org/PY2024-25%20LOLE%20Study%20Report631054.pdf,5
MISO,2024/2025,summer,LRZ 1,lrz,requirement,21351,1.132,https://cdn.misoenergy.org/PY2024-25%20LOLE%20Study%20Report631054.pdf,38
MISO,2024/2025,summer,LRZ 1,lrz,import_ability,6460,,https://cdn.misoenergy.org/PY2024-25%20LOLE%20Study%20Report631054.pdf,6
MISO,2024/2025,summer,LRZ 1,lrz,local_clearing_requirement,13591,,https://cdn.misoenergy.org/2024%20PRA%20Results631055.pdf,16
MISO,2024/2025,summer,LRZ 1,lrz,system_requirement,18697,,https://cdn.misoenergy.org/2024%20PRA%20Results631055.pdf,16
MISO,2024/2025,summer,LRZ 2,lrz,import_limit,4506,,https://cdn.misoenergy.org/PY2024-25%20LOLE%20Study%20Report631054.pdf,5
MISO,2024/2025,summer,LRZ 2,lrz,export_limit,3971,,https://cdn.misoenergy.org/PY2024-25%20LOLE%20Study%20Report631054.pdf,5
MISO,2024/2025,summer,LRZ 2,lrz,requirement,14456,1.113,https://cdn.misoenergy.org/PY2024-25%20LOLE%20Study%20Report631054.pdf,38
MISO,2024/2025,summer,LRZ 2,lrz,import_ability,4506,,https://cdn.misoenergy.org/PY2024-25%20LOLE%20Study%20Report631054.pdf,6
MISO,2024/2025,summer,LRZ 2,lrz,local_clearing_requirement,9354,,https://cdn.misoenergy.org/2024%20PRA%20Results631055.pdf,16
MISO,2024/2025,summer,LRZ 2,lrz,system_requirement,13396,,https://cdn.misoenergy.org/2024%20PRA%20Results631055.pdf,16
MISO,2024/2025,summer,LRZ 3,lrz,import_limit,5009,,https://cdn.misoenergy.org/PY2024-25%20LOLE%20Study%20Report631054.pdf,5
MISO,2024/2025,summer,LRZ 3,lrz,export_limit,5450,,https://cdn.misoenergy.org/PY2024-25%20LOLE%20Study%20Report631054.pdf,5
MISO,2024/2025,summer,LRZ 3,lrz,requirement,12990,1.278,https://cdn.misoenergy.org/PY2024-25%20LOLE%20Study%20Report631054.pdf,38
MISO,2024/2025,summer,LRZ 3,lrz,import_ability,4911,,https://cdn.misoenergy.org/PY2024-25%20LOLE%20Study%20Report631054.pdf,6
MISO,2024/2025,summer,LRZ 3,lrz,local_clearing_requirement,7662,,https://cdn.misoenergy.org/2024%20PRA%20Results631055.pdf,16
MISO,2024/2025,summer,LRZ 3,lrz,system_requirement,10787,,https://cdn.misoenergy.org/2024%20PRA%20Results631055.pdf,16
MISO,2024/2025,summer,LRZ 4,lrz,import_limit,10790,,https://cdn.misoenergy.org/PY2024-25%20LOLE%20Study%20Report631054.pdf,5
MISO,2024/2025,summer,LRZ 4,lrz,export_limit,2730,,https://cdn.misoenergy.org/PY2024-25%20LOLE%20Study%20Report631054.pdf,5
MISO,2024/2025,summer,LRZ 4,lrz,requirement,11990,1.291,https://cdn.misoenergy.org/PY2024-25%20LOLE%20Study%20Report631054.pdf,38
MISO,2024/2025,summer,LRZ 4,lrz,import_ability,9857,,https://cdn.misoenergy.org/PY2024-25%20LOLE%20Study%20Report631054.pdf,6
MISO,2024/2025,summer,LRZ 4,lrz,local_clearing_requirement,452,,https://cdn.misoenergy.org/2024%20PRA%20Results631055.pdf,16
MISO,2024/2025,summer,LRZ 4,lrz,system_requirement,9403,,https://cdn.misoenergy.org/2024%20PRA%20Results631055.pdf,16
MISO,2024/2025,summer,LRZ 5,lrz,import_limit,3208,,https://cdn.misoenergy.org/PY2024-25%20LOLE%20Study%20Report631054.pdf,5
MISO,2024/2025,summer,LRZ 5,lrz,export_limit,4644,,https://cdn.misoenergy.org/PY2024-25%20LOLE%20Study%20Report631054.pdf,5
MISO,2024/2025,summer,LRZ 5,lrz,requirement,10405,1.331,https://cdn.misoenergy.org/PY2024-25%20LOLE%20Study%20Report631054.pdf,38
MISO,2024/2025,summer,LRZ 5,lrz,import_ability,3208,,https://cdn.misoenergy.org/PY2024-25%20LOLE%20Study%20Report631054.pdf,6
MISO,2024/2025,summer,LRZ 5,lrz,local_clearing_requirement,7014,,https://cdn.misoenergy.org/2024%20PRA%20Results631055.pdf,16
MISO,2024/2025,summer,LRZ 5,lrz,system_requirement,8297,,https://cdn.misoenergy.org/2024%20PRA%20Results631055.pdf,16
MISO,2024/2025,summer,LRZ 6,lrz,import_limit,7463,,https://cdn.misoenergy.org/PY2024-25%20LOLE%20Study%20Report631054.pdf,5
MISO,2024/2025,summer,LRZ 6,lrz,export_limit,5637,,https://cdn.misoenergy.org/PY2024-25%20LOLE%20Study%20Report631054.pdf,5
MISO,2024/2025,summer,LRZ 6,lrz,requirement,20557,1.190,https://cdn.misoenergy.org/PY2024-25%20LOLE%20Study%20Report631054.pdf,38
MISO,2024/2025,summer,LRZ 6,lrz,import_ability,7197,,https://cdn.misoenergy.org/PY2024-25%20LOLE%20Study%20Report631054.pdf,6
MISO,2024/2025,summer,LRZ 6,lrz,local_clearing_requirement,12788,,https://cdn.misoenergy.org/2024%20PRA%20Results631055.pdf,16
MISO,2024/2025,summer,LRZ 6,lrz,system_requirement,18565,,https://cdn.misoenergy.org/2024%20PRA%20Results631055.pdf,16
MISO,2024/2025,summer,LRZ 7,lrz,import_limit,4500,,https://cdn.misoenergy.org/PY2024-25%20LOLE%20Study%20Report631054.pdf,5
MISO,2024/2025,summer,LRZ 7,lrz,export_limit,5709,,https://cdn.misoenergy.org/PY2024-25%20LOLE%20Study%20Report631054.pdf,5
MISO,2024/2025,summer,LRZ 7,lrz,requirement,24558,1.161,https://cdn.misoenergy.org/PY2024-25%20LOLE%20Study%20Report631054.pdf,38
MISO,2024/2025,summer,LRZ 7,lrz,import_ability,4490,,https://cdn.misoenergy.org/PY2024-25%20LOLE%20Study%20Report631054.pdf,6
MISO,2024/2025,summer,LRZ 7,lrz,local_clearing_requirement,19271,,https://cdn.misoenergy.org/2024%20PRA%20Results631055.pdf,16
MISO,2024/2025,summer,LRZ 7,lrz,system_requirement,21565,,https://cdn.misoenergy.org/2024%20PRA%20Results631055.pdf,16
MISO,2024/2025,summer,LRZ 8,lrz,import_limit,3536,,https://cdn.misoenergy.org/PY2024-25%20LOLE%20Study%20Report631054.pdf,5
MISO,2024/2025,summer,LRZ 8,lrz,export_limit,6171,,https://cdn.misoenergy.org/PY2024-25%20LOLE%20Study%20Report631054.pdf,5
MISO,2024/2025,summer,LRZ 8,lrz,requirement,11607,1.392,https://cdn.misoenergy.org/PY2024-25%20LOLE%20Study%20Report631054.pdf,38
MISO,2024/2025,summer,LRZ 8,lrz,import_ability,3444,,https://cdn.misoenergy.org/PY2024-25%20LOLE%20Study%20Report631054.pdf,6
MISO,2024/2025,summer,LRZ 8,lrz,local_clearing_requirement,7523,,https://cdn.misoenergy.org/2024%20PRA%20Results631055.pdf,16
MISO,2024/2025,summer,LRZ 8,lrz,system_requirement,8431,,https://cdn.misoenergy.org/2024%20PRA%20Results631055.pdf,16
MISO,2024/2025,summer,LRZ 9,lrz,import_limit,5613,,https://cdn.misoenergy.org/PY2024-25%20LOLE%20Study%20Report631054.pdf,5
MISO,2024/2025,summer,LRZ 9,lrz,export_limit,2359,,https://cdn.misoenergy.org/PY2024-25%20LOLE%20Study%20Report631054.pdf,5
MISO,2024/2025,summer,LRZ 9,lrz,requirement,24615,1.135,https://cdn.misoenergy.org/PY2024-25%20LOLE%20Study%20Report631054.pdf,38
MISO,2024/2025,summer,LRZ 9,lrz,import_ability,4794,,https://cdn.misoenergy.org/PY2024-25%20LOLE%20Study%20Report631054.pdf,6
MISO,2024/2025,summer,LRZ 9,lrz,local_clearing_requirement,18380,,https://cdn.misoenergy.org/2024%20PRA%20Results631055.pdf,16
MISO,2024/2025,summer,LRZ 9,lrz,system_requirement,21888,,https://cdn.misoenergy.org/2024%20PRA%20Results631055.pdf,16
MISO,2024/2025,summer,LRZ 10,lrz,import_limit,3564,,https://cdn.misoenergy.org/PY2024-25%20LOLE%20Study%20Report631054.pdf,5
MISO,2024/2025,summer,LRZ 10,lrz,export_limit,1840,,https://cdn.misoenergy.org/PY2024-25%20LOLE%20Study%20Report631054.pdf,5
MISO,2024/2025,summer,LRZ 10,lrz,requirement,7153,1.518,https://cdn.misoenergy.org/PY2024-25%20LOLE%20Study%20Report631054.pdf,38
MISO,2024/2025,summer,LRZ 10,lrz,import_ability,3564,,https://cdn.misoenergy.org/PY2024-25%20LOLE%20Study%20Report631054.pdf,6
MISO,2024/2025,summer,LRZ 10,lrz,local_clearing_requirement,3652,,https://cdn.misoenergy.org/2024%20PRA%20Results631055.pdf,16
MISO,2024/2025,summer,LRZ 10,lrz,system_requirement,5038,,https://cdn.misoenergy.org/2024%20PRA%20Results631055.pdf,16
MISO,2024/2025,summer,RTO,rto,system_requirement,136067,,https://cdn.misoenergy.org/2024%20PRA%20Results631055.pdf,16
MISO,2024/2025,fall,LRZ 1,lrz,import_limit,6502,,https://cdn.misoenergy.org/PY2024-25%20LOLE%20Study%20Report631054.pdf,5
MISO,2024/2025,fall,LRZ 1,lrz,export_limit,5711,,https://cdn.misoenergy.org/PY2024-25%20LOLE%20Study%20Report631054.pdf,5
MISO,2024/2025,fall,LRZ 1,lrz,requirement,19320,1.235,https://cdn.misoenergy.org/PY2024-25%20LOLE%20Study%20Report631054.pdf,38
MISO,2024/2025,fall,LRZ 1,lrz,import_ability,6500,,https://cdn.misoenergy.org/PY2024-25%20LOLE%20Study%20Report631054.pdf,6
MISO,2024/2025,fall,LRZ 1,lrz,local_clearing_requirement,12337,,https://cdn.misoenergy.org/2024%20PRA%20Results631055.pdf,17
MISO,2024/2025,fall,LRZ 1,lrz,system_requirement,16254,,https://cdn.misoenergy.org/2024%20PRA%20Results631055.pdf,17
MISO,2024/2025,fall,LRZ 2,lrz,import_limit,5719,,https://cdn.misoenergy.org/PY2024-25%20LOLE%20Study%20Report631054.pdf,5
MISO,2024/2025,fall,LRZ 2,lrz,export_limit,4512,,https://cdn.misoenergy.org/PY2024-25%20LOLE%20Study%20Report631054.pdf,5
MISO,2024/2025,fall,LRZ 2,lrz,requirement,13321,1.199,https://cdn.misoenergy.org/PY2024-25%20LOLE%20Study%20Report631054.pdf,38
MISO,2024/2025,fall,LRZ 2,lrz,import_ability,5719,,https://cdn.misoenergy.org/PY2024-25%20LOLE%20Study%20Report631054.pdf,6
MISO,2024/2025,fall,LRZ 2,lrz,local_clearing_requirement,7152,,https://cdn.misoenergy.org/2024%20PRA%20Results631055.pdf,17
MISO,2024/2025,fall,LRZ 2,lrz,system_requirement,12001,,https://cdn.misoenergy.org/2024%20PRA%20Results631055.pdf,17
MISO,2024/2025,fall,LRZ 3,lrz,import_limit,6789,,https://cdn.misoenergy.org/PY2024-25%20LOLE%20Study%20Report631054.pdf,5
MISO,2024/2025,fall,LRZ 3,lrz,export_limit,6913,,https://cdn.misoenergy.org/PY2024-25%20LOLE%20Study%20Report631054.pdf,5
MISO,2024/2025,fall,LRZ 3,lrz,requirement,12157,1.345,https://cdn.misoenergy.org/PY2024-25%20LOLE%20Study%20Report631054.pdf,38
MISO,2024/2025,fall,LRZ 3,lrz,import_ability,6684,,https://cdn.misoenergy.org/PY2024-25%20LOLE%20Study%20Report631054.pdf,6
MISO,2024/2025,fall,LRZ 3,lrz,local_clearing_requirement,5281,,https://cdn.misoenergy.org/2024%20PRA%20Results631055.pdf,17
MISO,2024/2025,fall,LRZ 3,lrz,system_requirement,9944,,https://cdn.misoenergy.org/2024%20PRA%20Results631055.pdf,17
MISO,2024/2025,fall,LRZ 4,lrz,import_limit,6637,,https://cdn.misoenergy.org/PY2024-25%20LOLE%20Study%20Report631054.pdf,5
MISO,2024/2025,fall,LRZ 4,lrz,export_limit,3863,,https://cdn.misoenergy.org/PY2024-25%20LOLE%20Study%20Report631054.pdf,5
MISO,2024/2025,fall,LRZ 4,lrz,requirement,10604,1.323,https://cdn.misoenergy.org/PY2024-25%20LOLE%20Study%20Report631054.pdf,38
MISO,2024/2025,fall,LRZ 4,lrz,import_ability,5699,,https://cdn.misoenergy.org/PY2024-25%20LOLE%20Study%20Report631054.pdf,6
MISO,2024/2025,fall,LRZ 4,lrz,local_clearing_requirement,3674,,https://cdn.misoenergy.org/2024%20PRA%20Results631055.pdf,17
MISO,2024/2025,fall,LRZ 4,lrz,system_requirement,8715,,https://cdn.misoenergy.org/2024%20PRA%20Results631055.pdf,17
MISO,2024/2025,fall,LRZ 5,lrz,import_limit,3786,,https://cdn.misoenergy.org/PY2024-25%20LOLE%20Study%20Report631054.pdf,5
MISO,2024/2025,fall,LRZ 5,lrz,export_limit,5402,,https://cdn.misoenergy.org/PY2024-25%20LOLE%20Study%20Report631054.pdf,5
MISO,2024/2025,fall,LRZ 5,lrz,requirement,9914,1.441,https://cdn.misoenergy.org/PY2024-25%20LOLE%20Study%20Report631054.pdf,38
MISO,2024/2025,fall,LRZ 5,lrz,import_ability,3786,,https://cdn.misoenergy.org/PY2024-25%20LOLE%20Study%20Report631054.pdf,6
MISO,2024/2025,fall,LRZ 5,lrz,local_clearing_requirement,6416,,https://cdn.misoenergy.org/2024%20PRA%20Results631055.pdf,17
MISO,2024/2025,fall,LRZ 5,lrz,system_requirement,7970,,https://cdn.misoenergy.org/2024%20PRA%20Results631055.pdf,17
MISO,2024/2025,fall,LRZ 6,lrz,import_limit,8954,,https://cdn.misoenergy.org/PY2024-25%20LOLE%20Study%20Report631054.pdf,5
MISO,2024/2025,fall,LRZ 6,lrz,export_limit,3519,,https://cdn.misoenergy.org/PY2024-25%20LOLE%20Study%20Report631054.pdf,5
MISO,2024/2025,fall,LRZ 6,lrz,requirement,19531,1.257,https://cdn.misoenergy.org/PY2024-25%20LOLE%20Study%20Report631054.pdf,38
MISO,2024/2025,fall,LRZ 6,lrz,import_ability,8661,,https://cdn.misoenergy.org/PY2024-25%20LOLE%20Study%20Report631054.pdf,6
MISO,2024/2025,fall,LRZ 6,lrz,local_clearing_requirement,10750,,https://cdn.misoenergy.org/2024%20PRA%20Results631055.pdf,17
MISO,2024/2025,fall,LRZ 6,lrz,system_requirement,17770,,https://cdn.misoenergy.org/2024%20PRA%20Results631055.pdf,17
MISO,2024/2025,fall,LRZ 7,lrz,import_limit,4400,,https://cdn.misoenergy.org/PY2024-25%20LOLE%20Study%20Report631054.pdf,5
MISO,2024/2025,fall,LRZ 7,lrz,export_limit,5381,,https://cdn.misoenergy.org/PY2024-25%20LOLE%20Study%20Report631054.pdf,5
MISO,2024/2025,fall,LRZ 7,lrz,requirement,23787,1.311,https://cdn.misoenergy.org/PY2024-25%20LOLE%20Study%20Report631054.pdf,38
MISO,2024/2025,fall,LRZ 7,lrz,import_ability,4390,,https://cdn.misoenergy.org/PY2024-25%20LOLE%20Study%20Report631054.pdf,6
MISO,2024/2025,fall,LRZ 7,lrz,local_clearing_requirement,19443,,https://cdn.misoenergy.org/2024%20PRA%20Results631055.pdf,17
MISO,2024/2025,fall,LRZ 7,lrz,system_requirement,19893,,https://cdn.misoenergy.org/2024%20PRA%20Results631055.pdf,17
MISO,2024/2025,fall,LRZ 8,lrz,import_limit,5040,,https://cdn.misoenergy.org/PY2024-25%20LOLE%20Study%20Report631054.pdf,5
MISO,2024/2025,fall,LRZ 8,lrz,export_limit,4212,,https://cdn.misoenergy.org/PY2024-25%20LOLE%20Study%20Report631054.pdf,5
MISO,2024/2025,fall,LRZ 8,lrz,requirement,11349,1.496,https://cdn.misoenergy.org/PY2024-25%20LOLE%20Study%20Report631054.pdf,38
MISO,2024/2025,fall,LRZ 8,lrz,import_ability,4942,,https://cdn.misoenergy.org/PY2024-25%20LOLE%20Study%20Report631054.pdf,6
MISO,2024/2025,fall,LRZ 8,lrz,local_clearing_requirement,5499,,https://cdn.misoenergy.org/2024%20PRA%20Results631055.pdf,17
MISO,2024/2025,fall,LRZ 8,lrz,system_requirement,7602,,https://cdn.misoenergy.org/2024%20PRA%20Results631055.pdf,17
MISO,2024/2025,fall,LRZ 9,lrz,import_limit,6435,,https://cdn.misoenergy.org/PY2024-25%20LOLE%20Study%20Report631054.pdf,5
MISO,2024/2025,fall,LRZ 9,lrz,export_limit,3602,,https://cdn.misoenergy.org/PY2024-25%20LOLE%20Study%20Report631054.pdf,5
MISO,2024/2025,fall,LRZ 9,lrz,requirement,23917,1.190,https://cdn.misoenergy.org/PY2024-25%20LOLE%20Study%20Report631054.pdf,38
MISO,2024/2025,fall,LRZ 9,lrz,import_ability,5608,,https://cdn.misoenergy.org/PY2024-25%20LOLE%20Study%20Report631054.pdf,6
MISO,2024/2025,fall,LRZ 9,lrz,local_clearing_requirement,16631,,https://cdn.misoenergy.org/2024%20PRA%20Results631055.pdf,17
MISO,2024/2025,fall,LRZ 9,lrz,system_requirement,20653,,https://cdn.misoenergy.org/2024%20PRA%20Results631055.pdf,17
MISO,2024/2025,fall,LRZ 10,lrz,import_limit,4736,,https://cdn.misoenergy.org/PY2024-25%20LOLE%20Study%20Report631054.pdf,5
MISO,2024/2025,fall,LRZ 10,lrz,export_limit,2889,,https://cdn.misoenergy.org/PY2024-25%20LOLE%20Study%20Report631054.pdf,5
MISO,2024/2025,fall,LRZ 10,lrz,requirement,7122,1.667,https://cdn.misoenergy.org/PY2024-25%20LOLE%20Study%20Report631054.pdf,38
MISO,2024/2025,fall,LRZ 10,lrz,import_ability,4736,,https://cdn.misoenergy.org/PY2024-25%20LOLE%20Study%20Report631054.pdf,6
MISO,2024/2025,fall,LRZ 10,lrz,local_clearing_requirement,2482,,https://cdn.misoenergy.org/2024%20PRA%20Results631055.pdf,17
MISO,2024/2025,fall,LRZ 10,lrz,system_requirement,4750,,https://cdn.misoenergy.org/2024%20PRA%20Results631055.pdf,17
MISO,2024/2025,fall,RTO,rto,system_requirement,125552,,https://cdn.misoenergy.org/2024%20PRA%20Results631055.pdf,17
MISO,2024/2025,winter,LRZ 1,lrz,import_limit,4693,,https://cdn.misoenergy.org/PY2024-25%20LOLE%20Study%20Report631054.pdf,5
MISO,2024/2025,winter,LRZ 1,lrz,export_limit,5174,,https://cdn.misoenergy.org/PY2024-25%20LOLE%20Study%20Report631054.pdf,5
MISO,2024/2025,winter,LRZ 1,lrz,requirement,22084,1.442,https://cdn.misoenergy.org/PY2024-25%20LOLE%20Study%20Report631054.pdf,39
MISO,2024/2025,winter,LRZ 1,lrz,import_ability,4691,,https://cdn.misoenergy.org/PY2024-25%20LOLE%20Study%20Report631054.pdf,6
MISO,2024/2025,winter,LRZ 1,lrz,local_clearing_requirement,16972,,https://cdn.misoenergy.org/2024%20PRA%20Results631055.pdf,18
MISO,2024/2025,winter,LRZ 1,lrz,system_requirement,18528,,https://cdn.misoenergy.org/2024%20PRA%20Results631055.pdf,18
MISO,2024/2025,winter,LRZ 2,lrz,import_limit,5523,,https://cdn.misoenergy.org/PY2024-25%20LOLE%20Study%20Report631054.pdf,5
MISO,2024/2025,winter,LRZ 2,lrz,export_limit,4772,,https://cdn.misoenergy.org/PY2024-25%20LOLE%20Study%20Report631054.pdf,5
MISO,2024/2025,winter,LRZ 2,lrz,requirement,13394,1.363,https://cdn.misoenergy.org/PY2024-25%20LOLE%20Study%20Report631054.pdf,39
MISO,2024/2025,winter,LRZ 2,lrz,import_ability,5523,,https://cdn.misoenergy.org/PY2024-25%20LOLE%20Study%20Report631054.pdf,6
MISO,2024/2025,winter,LRZ 2,lrz,local_clearing_requirement,7189,,https://cdn.misoenergy.org/2024%20PRA%20Results631055.pdf,18
MISO,2024/2025,winter,LRZ 2,lrz,system_requirement,11704,,https://cdn.misoenergy.org/2024%20PRA%20Results631055.pdf,18
MISO,2024/2025,winter,LRZ 3,lrz,import_limit,5704,,https://cdn.misoenergy.org/PY2024-25%20LOLE%20Study%20Report631054.pdf,5
MISO,2024/2025,winter,LRZ 3,lrz,export_limit,8975,,https://cdn.misoenergy.org/PY2024-25%20LOLE%20Study%20Report631054.pdf,5
MISO,2024/2025,winter,LRZ 3,lrz,requirement,16874,2.006,https://cdn.misoenergy.org/PY2024-25%20LOLE%20Study%20Report631054.pdf,39
MISO,2024/2025,winter,LRZ 3,lrz,import_ability,5600,,https://cdn.misoenergy.org/PY2024-25%20LOLE%20Study%20Report631054.pdf,6
MISO,2024/2025,winter,LRZ 3,lrz,local_clearing_requirement,10804,,https://cdn.misoenergy.org/2024%20PRA%20Results631055.pdf,18
MISO,2024/2025,winter,LRZ 3,lrz,system_requirement,10628,,https://cdn.misoenergy.org/2024%20PRA%20Results631055.pdf,18
MISO,2024/2025,winter,LRZ 4,lrz,import_limit,6731,,https://cdn.misoenergy.org/PY2024-25%20LOLE%20Study%20Report631054.pdf,5
MISO,2024/2025,winter,LRZ 4,lrz,export_limit,4650,,https://cdn.misoenergy.org/PY2024-25%20LOLE%20Study%20Report631054.pdf,5
MISO,2024/2025,winter,LRZ 4,lrz,requirement,10195,1.338,https://cdn.misoenergy.org/PY2024-25%20LOLE%20Study%20Report631054.pdf,39
MISO,2024/2025,winter,LRZ 4,lrz,import_ability,5811,,https://cdn.misoenergy.org/PY2024-25%20LOLE%20Study%20Report631054.pdf,6
MISO,2024/2025,winter,LRZ 4,lrz,local_clearing_requirement,3133,,https://cdn.misoenergy.org/2024%20PRA%20Results631055.pdf,18
MISO,2024/2025,winter,LRZ 4,lrz,system_requirement,9300,,https://cdn.misoenergy.org/2024%20PRA%20Results631055.pdf,18
MISO,2024/2025,winter,LRZ 5,lrz,import_limit,4477,,https://cdn.misoenergy.org/PY2024-25%20LOLE%20Study%20Report631054.pdf,5
MISO,2024/2025,winter,LRZ 5,lrz,export_limit,6229,,https://cdn.misoenergy.org/PY2024-25%20LOLE%20Study%20Report631054.pdf,5
MISO,2024/2025,winter,LRZ 5,lrz,requirement,9136,1.285,https://cdn.misoenergy.org/PY2024-25%20LOLE%20Study%20Report631054.pdf,39
MISO,2024/2025,winter,LRZ 5,lrz,import_ability,4477,,https://cdn.misoenergy.org/PY2024-25%20LOLE%20Study%20Report631054.pdf,6
MISO,2024/2025,winter,LRZ 5,lrz,local_clearing_requirement,4062,,https://cdn.misoenergy.org/2024%20PRA%20Results631055.pdf,18
MISO,2024/2025,winter,LRZ 5,lrz,system_requirement,8375,,https://cdn.misoenergy.org/2024%20PRA%20Results631055.pdf,18
MISO,2024/2025,winter,LRZ 6,lrz,import_limit,8526,,https://cdn.misoenergy.org/PY2024-25%20LOLE%20Study%20Report631054.pdf,5
MISO,2024/2025,winter,LRZ 6,lrz,export_limit,1407,,https://cdn.misoenergy.org/PY2024-25%20LOLE%20Study%20Report631054.pdf,5
MISO,2024/2025,winter,LRZ 6,lrz,requirement,19363,1.227,https://cdn.misoenergy.org/PY2024-25%20LOLE%20Study%20Report631054.pdf,39
MISO,2024/2025,winter,LRZ 6,lrz,import_ability,8286,,https://cdn.misoenergy.org/PY2024-25%20LOLE%20Study%20Report631054.pdf,6
MISO,2024/2025,winter,LRZ 6,lrz,local_clearing_requirement,10219,,https://cdn.misoenergy.org/2024%20PRA%20Results631055.pdf,18
MISO,2024/2025,winter,LRZ 6,lrz,system_requirement,19180,,https://cdn.misoenergy.org/2024%20PRA%20Results631055.pdf,18
MISO,2024/2025,winter,LRZ 7,lrz,import_limit,4666,,https://cdn.misoenergy.org/PY2024-25%20LOLE%20Study%20Report631054.pdf,5
MISO,2024/2025,winter,LRZ 7,lrz,export_limit,5743,,https://cdn.misoenergy.org/PY2024-25%20LOLE%20Study%20Report631054.pdf,5
MISO,2024/2025,winter,LRZ 7,lrz,requirement,22796,1.607,https://cdn.misoenergy.org/PY2024-25%20LOLE%20Study%20Report631054.pdf,39
MISO,2024/2025,winter,LRZ 7,lrz,import_ability,4656,,https://cdn.misoenergy.org/PY2024-25%20LOLE%20Study%20Report631054.pdf,6
MISO,2024/2025,winter,LRZ 7,lrz,local_clearing_requirement,17597,,https://cdn.misoenergy.org/2024%20PRA%20Results631055.pdf,18
MISO,2024/2025,winter,LRZ 7,lrz,system_requirement,17366,,https://cdn.misoenergy.org/2024%20PRA%20Results631055.pdf,18
MISO,2024/2025,winter,LRZ 8,lrz,import_limit,4336,,https://cdn.misoenergy.org/PY2024-25%20LOLE%20Study%20Report631054.pdf,5
MISO,2024/2025,winter,LRZ 8,lrz,export_limit,5808,,https://cdn.misoenergy.org/PY2024-25%20LOLE%20Study%20Report631054.pdf,5
MISO,2024/2025,winter,LRZ 8,lrz,requirement,11760,1.560,https://cdn.misoenergy.org/PY2024-25%20LOLE%20Study%20Report631054.pdf,39
MISO,2024/2025,winter,LRZ 8,lrz,import_ability,4262,,https://cdn.misoenergy.org/PY2024-25%20LOLE%20Study%20Report631054.pdf,6
MISO,2024/2025,winter,LRZ 8,lrz,local_clearing_requirement,7379,,https://cdn.misoenergy.org/2024%20PRA%20Results631055.pdf,18
MISO,2024/2025,winter,LRZ 8,lrz,system_requirement,8977,,https://cdn.misoenergy.org/2024%20PRA%20Results631055.pdf,18
MISO,2024/2025,winter,LRZ 9,lrz,import_limit,5420,,https://cdn.misoenergy.org/PY2024-25%20LOLE%20Study%20Report631054.pdf,5
MISO,2024/2025,winter,LRZ 9,lrz,export_limit,2103,,https://cdn.misoenergy.org/PY2024-25%20LOLE%20Study%20Report631054.pdf,5
MISO,2024/2025,winter,LRZ 9,lrz,requirement,25911,1.328,https://cdn.misoenergy.org/PY2024-25%20LOLE%20Study%20Report631054.pdf,39
MISO,2024/2025,winter,LRZ 9,lrz,import_ability,4623,,https://cdn.misoenergy.org/PY2024-25%20LOLE%20Study%20Report631054.pdf,6
MISO,2024/2025,winter,LRZ 9,lrz,local_clearing_requirement,18888,,https://cdn.misoenergy.org/2024%20PRA%20Results631055.pdf,18
MISO,2024/2025,winter,LRZ 9,lrz,system_requirement,22194,,https://cdn.misoenergy.org/2024%20PRA%20Results631055.pdf,18
MISO,2024/2025,winter,LRZ 10,lrz,import_limit,3219,,https://cdn.misoenergy.org/PY2024-25%20LOLE%20Study%20Report631054.pdf,5
MISO,2024/2025,winter,LRZ 10,lrz,export_limit,2993,,https://cdn.misoenergy.org/PY2024-25%20LOLE%20Study%20Report631054.pdf,5
MISO,2024/2025,winter,LRZ 10,lrz,requirement,7472,1.864,https://cdn.misoenergy.org/PY2024-25%20LOLE%20Study%20Report631054.pdf,39
MISO,2024/2025,winter,LRZ 10,lrz,import_ability,3219,,https://cdn.misoenergy.org/PY2024-25%20LOLE%20Study%20Report631054.pdf,6
MISO,2024/2025,winter,LRZ 10,lrz,local_clearing_requirement,4809,,https://cdn.misoenergy.org/2024%20PRA%20Results631055.pdf,18
MISO,2024/2025,winter,LRZ 10,lrz,system_requirement,5127,,https://cdn.misoenergy.org/2024%20PRA%20Results631055.pdf,18
MISO,2024/2025,winter,RTO,rto,system_requirement,131377,,https://cdn.misoenergy.org/2024%20PRA%20Results631055.pdf,18
MISO,2024/2025,spring,LRZ 1,lrz,import_limit,4943,,https://cdn.misoenergy.org/PY2024-25%20LOLE%20Study%20Report631054.pdf,5
MISO,2024/2025,spring,LRZ 1,lrz,export_limit,6318,,https://cdn.misoenergy.org/PY2024-25%20LOLE%20Study%20Report631054.pdf,5
MISO,2024/2025,spring,LRZ 1,lrz,requirement,19076,1.329,https://cdn.misoenergy.org/PY2024-25%20LOLE%20Study%20Report631054.pdf,39
MISO,2024/2025,spring,LRZ 1,lrz,import_ability,4941,,https://cdn.misoenergy.org/PY2024-25%20LOLE%20Study%20Report631054.pdf,6
MISO,2024/2025,spring,LRZ 1,lrz,local_clearing_requirement,13945,,https://cdn.misoenergy.org/2024%20PRA%20Results631055.pdf,19
MISO,2024/2025,spring,LRZ 1,lrz,system_requirement,17217,,https://cdn.misoenergy.org/2024%20PRA%20Results631055.pdf,19
MISO,2024/2025,spring,LRZ 2,lrz,import_limit,5034,,https://cdn.misoenergy.org/PY2024-25%20LOLE%20Study%20Report631054.pdf,5
MISO,2024/2025,spring,LRZ 2,lrz,export_limit,4601,,https://cdn.misoenergy.org/PY2024-25%20LOLE%20Study%20Report631054.pdf,5
MISO,2024/2025,spring,LRZ 2,lrz,requirement,13819,1.363,https://cdn.misoenergy.org/PY2024-25%20LOLE%20Study%20Report631054.pdf,39
MISO,2024/2025,spring,LRZ 2,lrz,import_ability,5034,,https://cdn.misoenergy.org/PY2024-25%20LOLE%20Study%20Report631054.pdf,6
MISO,2024/2025,spring,LRZ 2,lrz,local_clearing_requirement,8370,,https://cdn.misoenergy.org/2024%20PRA%20Results631055.pdf,19
MISO,2024/2025,spring,LRZ 2,lrz,system_requirement,12183,,https://cdn.misoenergy.org/2024%20PRA%20Results631055.pdf,19
MISO,2024/2025,spring,LRZ 3,lrz,import_limit,6626,,https://cdn.misoenergy.org/PY2024-25%20LOLE%20Study%20Report631054.pdf,5
MISO,2024/2025,spring,LRZ 3,lrz,export_limit,5761,,https://cdn.misoenergy.org/PY2024-25%20LOLE%20Study%20Report631054.pdf,5
MISO,2024/2025,spring,LRZ 3,lrz,requirement,12298,1.531,https://cdn.misoenergy.org/PY2024-25%20LOLE%20Study%20Report631054.pdf,39
MISO,2024/2025,spring,LRZ 3,lrz,import_ability,6514,,https://cdn.misoenergy.org/PY2024-25%20LOLE%20Study%20Report631054.pdf,6
MISO,2024/2025,spring,LRZ 3,lrz,local_clearing_requirement,5781,,https://cdn.misoenergy.org/2024%20PRA%20Results631055.pdf,19
MISO,2024/2025,spring,LRZ 3,lrz,system_requirement,9992,,https://cdn.misoenergy.org/2024%20PRA%20Results631055.pdf,19
MISO,2024/2025,spring,LRZ 4,lrz,import_limit,6003,,https://cdn.misoenergy.org/PY2024-25%20LOLE%20Study%20Report631054.pdf,5
MISO,2024/2025,spring,LRZ 4,lrz,export_limit,5081,,https://cdn.misoenergy.org/PY2024-25%20LOLE%20Study%20Report631054.pdf,5
MISO,2024/2025,spring,LRZ 4,lrz,requirement,11231,1.662,https://cdn.misoenergy.org/PY2024-25%20LOLE%20Study%20Report631054.pdf,39
MISO,2024/2025,spring,LRZ 4,lrz,import_ability,5083,,https://cdn.misoenergy.org/PY2024-25%20LOLE%20Study%20Report631054.pdf,6
MISO,2024/2025,spring,LRZ 4,lrz,local_clearing_requirement,4560,,https://cdn.misoenergy.org/2024%20PRA%20Results631055.pdf,19
MISO,2024/2025,spring,LRZ 4,lrz,system_requirement,7981,,https://cdn.misoenergy.org/2024%20PRA%20Results631055.pdf,19
MISO,2024/2025,spring,LRZ 5,lrz,import_limit,3892,,https://cdn.misoenergy.org/PY2024-25%20LOLE%20Study%20Report631054.pdf,5
MISO,2024/2025,spring,LRZ 5,lrz,export_limit,4984,,https://cdn.misoenergy.org/PY2024-25%20LOLE%20Study%20Report631054.pdf,5
MISO,2024/2025,spring,LRZ 5,lrz,requirement,10040,1.618,https://cdn.misoenergy.org/PY2024-25%20LOLE%20Study%20Report631054.pdf,39
MISO,2024/2025,spring,LRZ 5,lrz,import_ability,3892,,https://cdn.misoenergy.org/PY2024-25%20LOLE%20Study%20Report631054.pdf,6
MISO,2024/2025,spring,LRZ 5,lrz,local_clearing_requirement,6044,,https://cdn.misoenergy.org/2024%20PRA%20Results631055.pdf,19
MISO,2024/2025,spring,LRZ 5,lrz,system_requirement,7711,,https://cdn.misoenergy.org/2024%20PRA%20Results631055.pdf,19
MISO,2024/2025,spring,LRZ 6,lrz,import_limit,8015,,https://cdn.misoenergy.org/PY2024-25%20LOLE%20Study%20Report631054.pdf,5
MISO,2024/2025,spring,LRZ 6,lrz,export_limit,3444,,https://cdn.misoenergy.org/PY2024-25%20LOLE%20Study%20Report631054.pdf,5
MISO,2024/2025,spring,LRZ 6,lrz,requirement,19909,1.371,https://cdn.misoenergy.org/PY2024-25%20LOLE%20Study%20Report631054.pdf,39
MISO,2024/2025,spring,LRZ 6,lrz,import_ability,7730,,https://cdn.misoenergy.org/PY2024-25%20LOLE%20Study%20Report631054.pdf,6
MISO,2024/2025,spring,LRZ 6,lrz,local_clearing_requirement,11386,,https://cdn.misoenergy.org/2024%20PRA%20Results631055.pdf,19
MISO,2024/2025,spring,LRZ 6,lrz,system_requirement,17847,,https://cdn.misoenergy.org/2024%20PRA%20Results631055.pdf,19
MISO,2024/2025,spring,LRZ 7,lrz,import_limit,4893,,https://cdn.misoenergy.org/PY2024-25%20LOLE%20Study%20Report631054.pdf,5
MISO,2024/2025,spring,LRZ 7,lrz,export_limit,5591,,https://cdn.misoenergy.org/PY2024-25%20LOLE%20Study%20Report631054.pdf,5
MISO,2024/2025,spring,LRZ 7,lrz,requirement,21301,1.322,https://cdn.misoenergy.org/PY2024-25%20LOLE%20Study%20Report631054.pdf,39
MISO,2024/2025,spring,LRZ 7,lrz,import_ability,4883,,https://cdn.misoenergy.org/PY2024-25%20LOLE%20Study%20Report631054.pdf,6
MISO,2024/2025,spring,LRZ 7,lrz,local_clearing_requirement,16372,,https://cdn.misoenergy.org/2024%20PRA%20Results631055.pdf,19
MISO,2024/2025,spring,LRZ 7,lrz,system_requirement,19670,,https://cdn.misoenergy.org/2024%20PRA%20Results631055.pdf,19
MISO,2024/2025,spring,LRZ 8,lrz,import_limit,6124,,https://cdn.misoenergy.org/PY2024-25%20LOLE%20Study%20Report631054.pdf,5
MISO,2024/2025,spring,LRZ 8,lrz,export_limit,4936,,https://cdn.misoenergy.org/PY2024-25%20LOLE%20Study%20Report631054.pdf,5
MISO,2024/2025,spring,LRZ 8,lrz,requirement,10841,1.610,https://cdn.misoenergy.org/PY2024-25%20LOLE%20Study%20Report631054.pdf,39
MISO,2024/2025,spring,LRZ 8,lrz,import_ability,6030,,https://cdn.misoenergy.org/PY2024-25%20LOLE%20Study%20Report631054.pdf,6
MISO,2024/2025,spring,LRZ 8,lrz,local_clearing_requirement,4413,,https://cdn.misoenergy.org/2024%20PRA%20Results631055.pdf,19
MISO,2024/2025,spring,LRZ 8,lrz,system_requirement,7891,,https://cdn.misoenergy.org/2024%20PRA%20Results631055.pdf,19
MISO,2024/2025,spring,LRZ 9,lrz,import_limit,6417,,https://cdn.misoenergy.org/PY2024-25%20LOLE%20Study%20Report631054.pdf,5
MISO,2024/2025,spring,LRZ 9,lrz,export_limit,3994,,https://cdn.misoenergy.org/PY2024-25%20LOLE%20Study%20Report631054.pdf,5
MISO,2024/2025,spring,LRZ 9,lrz,requirement,25007,1.334,https://cdn.misoenergy.org/PY2024-25%20LOLE%20Study%20Report631054.pdf,39
MISO,2024/2025,spring,LRZ 9,lrz,import_ability,5598,,https://cdn.misoenergy.org/PY2024-25%20LOLE%20Study%20Report631054.pdf,6
MISO,2024/2025,spring,LRZ 9,lrz,local_clearing_requirement,18684,,https://cdn.misoenergy.org/2024%20PRA%20Results631055.pdf,19
MISO,2024/2025,spring,LRZ 9,lrz,system_requirement,22066,,https://cdn.misoenergy.org/2024%20PRA%20Results631055.pdf,19
MISO,2024/2025,spring,LRZ 10,lrz,import_limit,4628,,https://cdn.misoenergy.org/PY2024-25%20LOLE%20Study%20Report631054.pdf,5
MISO,2024/2025,spring,LRZ 10,lrz,export_limit,2740,,https://cdn.misoenergy.org/PY2024-25%20LOLE%20Study%20Report631054.pdf,5
MISO,2024/2025,spring,LRZ 10,lrz,requirement,7346,1.878,https://cdn.misoenergy.org/PY2024-25%20LOLE%20Study%20Report631054.pdf,39
MISO,2024/2025,spring,LRZ 10,lrz,import_ability,4628,,https://cdn.misoenergy.org/PY2024-25%20LOLE%20Study%20Report631054.pdf,6
MISO,2024/2025,spring,LRZ 10,lrz,local_clearing_requirement,3558,,https://cdn.misoenergy.org/2024%20PRA%20Results631055.pdf,19
MISO,2024/2025,spring,LRZ 10,lrz,system_requirement,5234,,https://cdn.misoenergy.org/2024%20PRA%20Results631055.pdf,19
MISO,2024/2025,spring,RTO,rto,system_requirement,127792,,https://cdn.misoenergy.org/2024%20PRA%20Results631055.pdf,19
MISO,2025/2026,summer,LRZ 1,lrz,import_limit,6025,,https://cdn.misoenergy.org/PY2025-26%20LOLE%20Study%20Report632078.pdf,5
MISO,2025/2026,summer,LRZ 1,lrz,export_limit,3991,,https://cdn.misoenergy.org/PY2025-26%20LOLE%20Study%20Report632078.pdf,5
MISO,2025/2026,summer,LRZ 1,lrz,requirement,21369,1.195,https://cdn.misoenergy.org/PY2025-26%20LOLE%20Study%20Report632078.pdf,16-17
MISO,2025/2026,summer,LRZ 1,lrz,import_ability,6023,,https://cdn.misoenergy.org/2025%20PRA%20Results632079.pdf,18
MISO,2025/2026,summer,LRZ 1,lrz,local_clearing_requirement,15696.9,,https://cdn.misoenergy.org/2025%20PRA%20Results632079.pdf,18
MISO,2025/2026,summer,LRZ 1,lrz,system_requirement,18843.5,,https://cdn.misoenergy.org/2025%20PRA%20Results632079.pdf,18
MISO,2025/2026,summer,LRZ 2,lrz,import_limit,4370,,https://cdn.misoenergy.org/PY2025-26%20LOLE%20Study%20Report632078.pdf,5
MISO,2025/2026,summer,LRZ 2,lrz,export_limit,4614,,https://cdn.misoenergy.org/PY2025-26%20LOLE%20Study%20Report632078.pdf,5
MISO,2025/2026,summer,LRZ 2,lrz,requirement,14406,1.135,https://cdn.misoenergy.org/PY2025-26%20LOLE%20Study%20Report632078.pdf,16-17
MISO,2025/2026,summer,LRZ 2,lrz,import_ability,4370,,https://cdn.misoenergy.org/2025%20PRA%20Results632079.pdf,18
MISO,2025/2026,summer,LRZ 2,lrz,local_clearing_requirement,9719.3,,https://cdn.misoenergy.org/2025%20PRA%20Results632079.pdf,18
MISO,2025/2026,summer,LRZ 2,lrz,system_requirement,13464.4,,https://cdn.misoenergy.org/2025%20PRA%20Results632079.pdf,18
MISO,2025/2026,summer,LRZ 3,lrz,import_limit,5518,,https://cdn.misoenergy.org/PY2025-26%20LOLE%20Study%20Report632078.pdf,5
MISO,2025/2026,summer,LRZ 3,lrz,export_limit,4655,,https://cdn.misoenergy.org/PY2025-26%20LOLE%20Study%20Report632078.pdf,5
MISO,2025/2026,summer,LRZ 3,lrz,requirement,13574,1.318,https://cdn.misoenergy.org/PY2025-26%20LOLE%20Study%20Report632078.pdf,16-17
MISO,2025/2026,summer,LRZ 3,lrz,import_ability,5460,,https://cdn.misoenergy.org/2025%20PRA%20Results632079.pdf,18
MISO,2025/2026,summer,LRZ 3,lrz,local_clearing_requirement,8049.3,,https://cdn.misoenergy.org/2025%20PRA%20Results632079.pdf,18
MISO,2025/2026,summer,LRZ 3,lrz,system_requirement,11116,,https://cdn.misoenergy.org/2025%20PRA%20Results632079.pdf,18
MISO,2025/2026,summer,LRZ 4,lrz,import_limit,8649,,https://cdn.misoenergy.org/PY2025-26%20LOLE%20Study%20Report632078.pdf,5
MISO,2025/2026,summer,LRZ 4,lrz,export_limit,4460,,https://cdn.misoenergy.org/PY2025-26%20LOLE%20Study%20Report632078.pdf,5
MISO,2025/2026,summer,LRZ 4,lrz,requirement,11246,1.280,https://cdn.misoenergy.org/PY2025-26%20LOLE%20Study%20Report632078.pdf,16-17
MISO,2025/2026,summer,LRZ 4,lrz,import_ability,7757,,https://cdn.misoenergy.org/2025%20PRA%20Results632079.pdf,18
MISO,2025/2026,summer,LRZ 4,lrz,local_clearing_requirement,2577.8,,https://cdn.misoenergy.org/2025%20PRA%20Results632079.pdf,18
MISO,2025/2026,summer,LRZ 4,lrz,system_requirement,9430.1,,https://cdn.misoenergy.org/2025%20PRA%20Results632079.pdf,18
MISO,2025/2026,summer,LRZ 5,lrz,import_limit,4117,,https://cdn.misoenergy.org/PY2025-26%20LOLE%20Study%20Report632078.pdf,5
MISO,2025/2026,summer,LRZ 5,lrz,export_limit,3939,,https://cdn.misoenergy.org/PY2025-26%20LOLE%20Study%20Report632078.pdf,5
MISO,2025/2026,summer,LRZ 5,lrz,requirement,10243,1.301,https://cdn.misoenergy.org/PY2025-26%20LOLE%20Study%20Report632078.pdf,16-17
MISO,2025/2026,summer,LRZ 5,lrz,import_ability,4117,,https://cdn.misoenergy.org/2025%20PRA%20Results632079.pdf,18
MISO,2025/2026,summer,LRZ 5,lrz,local_clearing_requirement,6071.1,,https://cdn.misoenergy.org/2025%20PRA%20Results632079.pdf,18
MISO,2025/2026,summer,LRZ 5,lrz,system_requirement,8453.5,,https://cdn.misoenergy.org/2025%20PRA%20Results632079.pdf,18
MISO,2025/2026,summer,LRZ 6,lrz,import_limit,8650,,https://cdn.misoenergy.org/PY2025-26%20LOLE%20Study%20Report632078.pdf,5
MISO,2025/2026,summer,LRZ 6,lrz,export_limit,6881,,https://cdn.misoenergy.org/PY2025-26%20LOLE%20Study%20Report632078.pdf,5
MISO,2025/2026,summer,LRZ 6,lrz,requirement,22151,1.262,https://cdn.misoenergy.org/PY2025-26%20LOLE%20Study%20Report632078.pdf,16-17
MISO,2025/2026,summer,LRZ 6,lrz,import_ability,8366,,https://cdn.misoenergy.org/2025%20PRA%20Results632079.pdf,18
MISO,2025/2026,summer,LRZ 6,lrz,local_clearing_requirement,13051.7,,https://cdn.misoenergy.org/2025%20PRA%20Results632079.pdf,18
MISO,2025/2026,summer,LRZ 6,lrz,system_requirement,18868.9,,https://cdn.misoenergy.org/2025%20PRA%20Results632079.pdf,18
MISO,2025/2026,summer,LRZ 7,lrz,import_limit,3579,,https://cdn.misoenergy.org/PY2025-26%20LOLE%20Study%20Report632078.pdf,5
MISO,2025/2026,summer,LRZ 7,lrz,export_limit,5716,,https://cdn.misoenergy.org/PY2025-26%20LOLE%20Study%20Report632078.pdf,5
MISO,2025/2026,summer,LRZ 7,lrz,requirement,23844,1.138,https://cdn.misoenergy.org/PY2025-26%20LOLE%20Study%20Report632078.pdf,16-17
MISO,2025/2026,summer,LRZ 7,lrz,import_ability,3569,,https://cdn.misoenergy.org/2025%20PRA%20Results632079.pdf,18
MISO,2025/2026,summer,LRZ 7,lrz,local_clearing_requirement,19681.4,,https://cdn.misoenergy.org/2025%20PRA%20Results632079.pdf,18
MISO,2025/2026,summer,LRZ 7,lrz,system_requirement,21669.2,,https://cdn.misoenergy.org/2025%20PRA%20Results632079.pdf,18
MISO,2025/2026,summer,LRZ 8,lrz,import_limit,2522,,https://cdn.misoenergy.org/PY2025-26%20LOLE%20Study%20Report632078.pdf,5
MISO,2025/2026,summer,LRZ 8,lrz,export_limit,6345,,https://cdn.misoenergy.org/PY2025-26%20LOLE%20Study%20Report632078.pdf,5
MISO,2025/2026,summer,LRZ 8,lrz,requirement,11408,1.350,https://cdn.misoenergy.org/PY2025-26%20LOLE%20Study%20Report632078.pdf,16-17
MISO,2025/2026,summer,LRZ 8,lrz,import_ability,2358,,https://cdn.misoenergy.org/2025%20PRA%20Results632079.pdf,18
MISO,2025/2026,summer,LRZ 8,lrz,local_clearing_requirement,8487,,https://cdn.misoenergy.org/2025%20PRA%20Results632079.pdf,18
MISO,2025/2026,summer,LRZ 8,lrz,system_requirement,8552.6,,https://cdn.misoenergy.org/2025%20PRA%20Results632079.pdf,18
MISO,2025/2026,summer,LRZ 9,lrz,import_limit,4872,,https://cdn.misoenergy.org/PY2025-26%20LOLE%20Study%20Report632078.pdf,5
MISO,2025/2026,summer,LRZ 9,lrz,export_limit,3775,,https://cdn.misoenergy.org/PY2025-26%20LOLE%20Study%20Report632078.pdf,5
MISO,2025/2026,summer,LRZ 9,lrz,requirement,24616,1.136,https://cdn.misoenergy.org/PY2025-26%20LOLE%20Study%20Report632078.pdf,16-17
MISO,2025/2026,summer,LRZ 9,lrz,import_ability,4361,,https://cdn.misoenergy.org/2025%20PRA%20Results632079.pdf,18
MISO,2025/2026,summer,LRZ 9,lrz,local_clearing_requirement,19615,,https://cdn.misoenergy.org/2025%20PRA%20Results632079.pdf,18
MISO,2025/2026,summer,LRZ 9,lrz,system_requirement,21978.8,,https://cdn.misoenergy.org/2025%20PRA%20Results632079.pdf,18
MISO,2025/2026,summer,LRZ 10,lrz,import_limit,4474,,https://cdn.misoenergy.org/PY2025-26%20LOLE%20Study%20Report632078.pdf,5
MISO,2025/2026,summer,LRZ 10,lrz,export_limit,2097,,https://cdn.misoenergy.org/PY2025-26%20LOLE%20Study%20Report632078.pdf,5
MISO,2025/2026,summer,LRZ 10,lrz,requirement,7476,1.447,https://cdn.misoenergy.org/PY2025-26%20LOLE%20Study%20Report632078.pdf,16-17
MISO,2025/2026,summer,LRZ 10,lrz,import_ability,4474,,https://cdn.misoenergy.org/2025%20PRA%20Results632079.pdf,18
MISO,2025/2026,summer,LRZ 10,lrz,local_clearing_requirement,2523.8,,https://cdn.misoenergy.org/2025%20PRA%20Results632079.pdf,18
MISO,2025/2026,summer,LRZ 10,lrz,system_requirement,5182.3,,https://cdn.misoenergy.org/2025%20PRA%20Results632079.pdf,18
MISO,2025/2026,summer,RTO,rto,system_requirement,137559.3,,https://cdn.misoenergy.org/2025%20PRA%20Results632079.pdf,18
MISO,2025/2026,summer,North,rto,system_requirement,101845.6,,https://cdn.misoenergy.org/2025%20PRA%20Results632079.pdf,18
MISO,2025/2026,summer,South,rto,system_requirement,35713.7,,https://cdn.misoenergy.org/2025%20PRA%20Results632079.pdf,18
MISO,2025/2026,fall,LRZ 1,lrz,import_limit,5690,,https://cdn.misoenergy.org/PY2025-26%20LOLE%20Study%20Report632078.pdf,5
MISO,2025/2026,fall,LRZ 1,lrz,export_limit,6165,,https://cdn.misoenergy.org/PY2025-26%20LOLE%20Study%20Report632078.pdf,5
MISO,2025/2026,fall,LRZ 1,lrz,requirement,19719,1.288,https://cdn.misoenergy.org/PY2025-26%20LOLE%20Study%20Report632078.pdf,16-17
MISO,2025/2026,fall,LRZ 1,lrz,import_ability,5688,,https://cdn.misoenergy.org/2025%20PRA%20Results632079.pdf,19
MISO,2025/2026,fall,LRZ 1,lrz,local_clearing_requirement,14691,,https://cdn.misoenergy.org/2025%20PRA%20Results632079.pdf,19
MISO,2025/2026,fall,LRZ 1,lrz,system_requirement,17811.9,,https://cdn.misoenergy.org/2025%20PRA%20Results632079.pdf,19
MISO,2025/2026,fall,LRZ 2,lrz,import_limit,6537,,https://cdn.misoenergy.org/PY2025-26%20LOLE%20Study%20Report632078.pdf,5
MISO,2025/2026,fall,LRZ 2,lrz,export_limit,4259,,https://cdn.misoenergy.org/PY2025-26%20LOLE%20Study%20Report632078.pdf,5
MISO,2025/2026,fall,LRZ 2,lrz,requirement,13246,1.222,https://cdn.misoenergy.org/PY2025-26%20LOLE%20Study%20Report632078.pdf,16-17
MISO,2025/2026,fall,LRZ 2,lrz,import_ability,6537,,https://cdn.misoenergy.org/2025%20PRA%20Results632079.pdf,19
MISO,2025/2026,fall,LRZ 2,lrz,local_clearing_requirement,6591.1,,https://cdn.misoenergy.org/2025%20PRA%20Results632079.pdf,19
MISO,2025/2026,fall,LRZ 2,lrz,system_requirement,12450.7,,https://cdn.misoenergy.org/2025%20PRA%20Results632079.pdf,19
MISO,2025/2026,fall,LRZ 3,lrz,import_limit,7766,,https://cdn.misoenergy.org/PY2025-26%20LOLE%20Study%20Report632078.pdf,5
MISO,2025/2026,fall,LRZ 3,lrz,export_limit,5862,,https://cdn.misoenergy.org/PY2025-26%20LOLE%20Study%20Report632078.pdf,5
MISO,2025/2026,fall,LRZ 3,lrz,requirement,13885,1.537,https://cdn.misoenergy.org/PY2025-26%20LOLE%20Study%20Report632078.pdf,16-17
MISO,2025/2026,fall,LRZ 3,lrz,import_ability,7704,,https://cdn.misoenergy.org/2025%20PRA%20Results632079.pdf,19
MISO,2025/2026,fall,LRZ 3,lrz,local_clearing_requirement,6331.4,,https://cdn.misoenergy.org/2025%20PRA%20Results632079.pdf,19
MISO,2025/2026,fall,LRZ 3,lrz,system_requirement,10486,,https://cdn.misoenergy.org/2025%20PRA%20Results632079.pdf,19
MISO,2025/2026,fall,LRZ 4,lrz,import_limit,7908,,https://cdn.misoenergy.org/PY2025-26%20LOLE%20Study%20Report632078.pdf,5
MISO,2025/2026,fall,LRZ 4,lrz,export_limit,4174,,https://cdn.misoenergy.org/PY2025-26%20LOLE%20Study%20Report632078.pdf,5
MISO,2025/2026,fall,LRZ 4,lrz,requirement,10051,1.320,https://cdn.misoenergy.org/PY2025-26%20LOLE%20Study%20Report632078.pdf,16-17
MISO,2025/2026,fall,LRZ 4,lrz,import_ability,7013,,https://cdn.misoenergy.org/2025%20PRA%20Results632079.pdf,19
MISO,2025/2026,fall,LRZ 4,lrz,local_clearing_requirement,2588.7,,https://cdn.misoenergy.org/2025%20PRA%20Results632079.pdf,19
MISO,2025/2026,fall,LRZ 4,lrz,system_requirement,9220.4,,https://cdn.misoenergy.org/2025%20PRA%20Results632079.pdf,19
MISO,2025/2026,fall,LRZ 5,lrz,import_limit,4679,,https://cdn.misoenergy.org/PY2025-26%20LOLE%20Study%20Report632078.pdf,5
MISO,2025/2026,fall,LRZ 5,lrz,export_limit,5816,,https://cdn.misoenergy.org/PY2025-26%20LOLE%20Study%20Report632078.pdf,5
MISO,2025/2026,fall,LRZ 5,lrz,requirement,9668,1.365,https://cdn.misoenergy.org/PY2025-26%20LOLE%20Study%20Report632078.pdf,16-17
MISO,2025/2026,fall,LRZ 5,lrz,import_ability,4679,,https://cdn.misoenergy.org/2025%20PRA%20Results632079.pdf,19
MISO,2025/2026,fall,LRZ 5,lrz,local_clearing_requirement,4857.2,,https://cdn.misoenergy.org/2025%20PRA%20Results632079.pdf,19
MISO,2025/2026,fall,LRZ 5,lrz,system_requirement,8136,,https://cdn.misoenergy.org/2025%20PRA%20Results632079.pdf,19
MISO,2025/2026,fall,LRZ 6,lrz,import_limit,8970,,https://cdn.misoenergy.org/PY2025-26%20LOLE%20Study%20Report632078.pdf,5
MISO,2025/2026,fall,LRZ 6,lrz,export_limit,5173,,https://cdn.misoenergy.org/PY2025-26%20LOLE%20Study%20Report632078.pdf,5
MISO,2025/2026,fall,LRZ 6,lrz,requirement,20806,1.312,https://cdn.misoenergy.org/PY2025-26%20LOLE%20Study%20Report632078.pdf,16-17
MISO,2025/2026,fall,LRZ 6,lrz,import_ability,8672,,https://cdn.misoenergy.org/2025%20PRA%20Results632079.pdf,19
MISO,2025/2026,fall,LRZ 6,lrz,local_clearing_requirement,11725.4,,https://cdn.misoenergy.org/2025%20PRA%20Results632079.pdf,19
MISO,2025/2026,fall,LRZ 6,lrz,system_requirement,18480.2,,https://cdn.misoenergy.org/2025%20PRA%20Results632079.pdf,19
MISO,2025/2026,fall,LRZ 7,lrz,import_limit,5125,,https://cdn.misoenergy.org/PY2025-26%20LOLE%20Study%20Report632078.pdf,5
MISO,2025/2026,fall,LRZ 7,lrz,export_limit,5158,,https://cdn.misoenergy.org/PY2025-26%20LOLE%20Study%20Report632078.pdf,5
MISO,2025/2026,fall,LRZ 7,lrz,requirement,22692,1.255,https://cdn.misoenergy.org/PY2025-26%20LOLE%20Study%20Report632078.pdf,16-17
MISO,2025/2026,fall,LRZ 7,lrz,import_ability,5115,,https://cdn.misoenergy.org/2025%20PRA%20Results632079.pdf,19
MISO,2025/2026,fall,LRZ 7,lrz,local_clearing_requirement,18196.1,,https://cdn.misoenergy.org/2025%20PRA%20Results632079.pdf,19
MISO,2025/2026,fall,LRZ 7,lrz,system_requirement,21111.9,,https://cdn.misoenergy.org/2025%20PRA%20Results632079.pdf,19
MISO,2025/2026,fall,LRZ 8,lrz,import_limit,5870,,https://cdn.misoenergy.org/PY2025-26%20LOLE%20Study%20Report632078.pdf,5
MISO,2025/2026,fall,LRZ 8,lrz,export_limit,4024,,https://cdn.misoenergy.org/PY2025-26%20LOLE%20Study%20Report632078.pdf,5
MISO,2025/2026,fall,LRZ 8,lrz,requirement,11072,1.469,https://cdn.misoenergy.org/PY2025-26%20LOLE%20Study%20Report632078.pdf,16-17
MISO,2025/2026,fall,LRZ 8,lrz,import_ability,5675,,https://cdn.misoenergy.org/2025%20PRA%20Results632079.pdf,19
MISO,2025/2026,fall,LRZ 8,lrz,local_clearing_requirement,5006.3,,https://cdn.misoenergy.org/2025%20PRA%20Results632079.pdf,19
MISO,2025/2026,fall,LRZ 8,lrz,system_requirement,8037.4,,https://cdn.misoenergy.org/2025%20PRA%20Results632079.pdf,19
MISO,2025/2026,fall,LRZ 9,lrz,import_limit,5242,,https://cdn.misoenergy.org/PY2025-26%20LOLE%20Study%20Report632078.pdf,5
MISO,2025/2026,fall,LRZ 9,lrz,export_limit,3672,,https://cdn.misoenergy.org/PY2025-26%20LOLE%20Study%20Report632078.pdf,5
MISO,2025/2026,fall,LRZ 9,lrz,requirement,23624,1.198,https://cdn.misoenergy.org/PY2025-26%20LOLE%20Study%20Report632078.pdf,16-17
MISO,2025/2026,fall,LRZ 9,lrz,import_ability,4741,,https://cdn.misoenergy.org/2025%20PRA%20Results632079.pdf,19
MISO,2025/2026,fall,LRZ 9,lrz,local_clearing_requirement,18963.6,,https://cdn.misoenergy.org/2025%20PRA%20Results632079.pdf,19
MISO,2025/2026,fall,LRZ 9,lrz,system_requirement,21627.1,,https://cdn.misoenergy.org/2025%20PRA%20Results632079.pdf,19
MISO,2025/2026,fall,LRZ 10,lrz,import_limit,4508,,https://cdn.misoenergy.org/PY2025-26%20LOLE%20Study%20Report632078.pdf,5
MISO,2025/2026,fall,LRZ 10,lrz,export_limit,3164,,https://cdn.misoenergy.org/PY2025-26%20LOLE%20Study%20Report632078.pdf,5
MISO,2025/2026,fall,LRZ 10,lrz,requirement,7282,1.557,https://cdn.misoenergy.org/PY2025-26%20LOLE%20Study%20Report632078.pdf,16-17
MISO,2025/2026,fall,LRZ 10,lrz,import_ability,4508,,https://cdn.misoenergy.org/2025%20PRA%20Results632079.pdf,19
MISO,2025/2026,fall,LRZ 10,lrz,local_clearing_requirement,2577.6,,https://cdn.misoenergy.org/2025%20PRA%20Results632079.pdf,19
MISO,2025/2026,fall,LRZ 10,lrz,system_requirement,5154.2,,https://cdn.misoenergy.org/2025%20PRA%20Results632079.pdf,19
MISO,2025/2026,fall,RTO,rto,system_requirement,132515.8,,https://cdn.misoenergy.org/2025%20PRA%20Results632079.pdf,19
MISO,2025/2026,fall,North,rto,system_requirement,97697.1,,https://cdn.misoenergy.org/2025%20PRA%20Results632079.pdf,19
MISO,2025/2026,fall,South,rto,system_requirement,34818.7,,https://cdn.misoenergy.org/2025%20PRA%20Results632079.pdf,19
MISO,2025/2026,winter,LRZ 1,lrz,import_limit,5575,,https://cdn.misoenergy.org/PY2025-26%20LOLE%20Study%20Report632078.pdf,5
MISO,2025/2026,winter,LRZ 1,lrz,export_limit,3591,,https://cdn.misoenergy.org/PY2025-26%20LOLE%20Study%20Report632078.pdf,5
MISO,2025/2026,winter,LRZ 1,lrz,requirement,19558,1.267,https://cdn.misoenergy.org/PY2025-26%20LOLE%20Study%20Report632078.pdf,16-17
MISO,2025/2026,winter,LRZ 1,lrz,import_ability,5575,,https://cdn.misoenergy.org/2025%20PRA%20Results632079.pdf,20
MISO,2025/2026,winter,LRZ 1,lrz,local_clearing_requirement,13462,,https://cdn.misoenergy.org/2025%20PRA%20Results632079.pdf,20
MISO,2025/2026,winter,LRZ 1,lrz,system_requirement,18565.8,,https://cdn.misoenergy.org/2025%20PRA%20Results632079.pdf,20
MISO,2025/2026,winter,LRZ 2,lrz,import_limit,6435,,https://cdn.misoenergy.org/PY2025-26%20LOLE%20Study%20Report632078.pdf,5
MISO,2025/2026,winter,LRZ 2,lrz,export_limit,4793,,https://cdn.misoenergy.org/PY2025-26%20LOLE%20Study%20Report632078.pdf,5
MISO,2025/2026,winter,LRZ 2,lrz,requirement,13232,1.353,https://cdn.misoenergy.org/PY2025-26%20LOLE%20Study%20Report632078.pdf,16-17
MISO,2025/2026,winter,LRZ 2,lrz,import_ability,6435,,https://cdn.misoenergy.org/2025%20PRA%20Results632079.pdf,20
MISO,2025/2026,winter,LRZ 2,lrz,local_clearing_requirement,5951.6,,https://cdn.misoenergy.org/2025%20PRA%20Results632079.pdf,20
MISO,2025/2026,winter,LRZ 2,lrz,system_requirement,11238.7,,https://cdn.misoenergy.org/2025%20PRA%20Results632079.pdf,20
MISO,2025/2026,winter,LRZ 3,lrz,import_limit,5853,,https://cdn.misoenergy.org/PY2025-26%20LOLE%20Study%20Report632078.pdf,5
MISO,2025/2026,winter,LRZ 3,lrz,export_limit,7412,,https://cdn.misoenergy.org/PY2025-26%20LOLE%20Study%20Report632078.pdf,5
MISO,2025/2026,winter,LRZ 3,lrz,requirement,13591,1.632,https://cdn.misoenergy.org/PY2025-26%20LOLE%20Study%20Report632078.pdf,16-17
MISO,2025/2026,winter,LRZ 3,lrz,import_ability,5785,,https://cdn.misoenergy.org/2025%20PRA%20Results632079.pdf,20
MISO,2025/2026,winter,LRZ 3,lrz,local_clearing_requirement,8008.4,,https://cdn.misoenergy.org/2025%20PRA%20Results632079.pdf,20
MISO,2025/2026,winter,LRZ 3,lrz,system_requirement,10300.9,,https://cdn.misoenergy.org/2025%20PRA%20Results632079.pdf,20
MISO,2025/2026,winter,LRZ 4,lrz,import_limit,7353,,https://cdn.misoenergy.org/PY2025-26%20LOLE%20Study%20Report632078.pdf,5
MISO,2025/2026,winter,LRZ 4,lrz,export_limit,4635,,https://cdn.misoenergy.org/PY2025-26%20LOLE%20Study%20Report632078.pdf,5
MISO,2025/2026,winter,LRZ 4,lrz,requirement,9088,1.186,https://cdn.misoenergy.org/PY2025-26%20LOLE%20Study%20Report632078.pdf,16-17
MISO,2025/2026,winter,LRZ 4,lrz,import_ability,6457,,https://cdn.misoenergy.org/2025%20PRA%20Results632079.pdf,20
MISO,2025/2026,winter,LRZ 4,lrz,local_clearing_requirement,1371.4,,https://cdn.misoenergy.org/2025%20PRA%20Results632079.pdf,20
MISO,2025/2026,winter,LRZ 4,lrz,system_requirement,8905.1,,https://cdn.misoenergy.org/2025%20PRA%20Results632079.pdf,20
MISO,2025/2026,winter,LRZ 5,lrz,import_limit,4922,,https://cdn.misoenergy.org/PY2025-26%20LOLE%20Study%20Report632078.pdf,5
MISO,2025/2026,winter,LRZ 5,lrz,export_limit,4814,,https://cdn.misoenergy.org/PY2025-26%20LOLE%20Study%20Report632078.pdf,5
MISO,2025/2026,winter,LRZ 5,lrz,requirement,8806,1.254,https://cdn.misoenergy.org/PY2025-26%20LOLE%20Study%20Report632078.pdf,16-17
MISO,2025/2026,winter,LRZ 5,lrz,import_ability,4922,,https://cdn.misoenergy.org/2025%20PRA%20Results632079.pdf,20
MISO,2025/2026,winter,LRZ 5,lrz,local_clearing_requirement,3644.7,,https://cdn.misoenergy.org/2025%20PRA%20Results632079.pdf,20
MISO,2025/2026,winter,LRZ 5,lrz,system_requirement,8285.9,,https://cdn.misoenergy.org/2025%20PRA%20Results632079.pdf,20
MISO,2025/2026,winter,LRZ 6,lrz,import_limit,7936,,https://cdn.misoenergy.org/PY2025-26%20LOLE%20Study%20Report632078.pdf,5
MISO,2025/2026,winter,LRZ 6,lrz,export_limit,1665,,https://cdn.misoenergy.org/PY2025-26%20LOLE%20Study%20Report632078.pdf,5
MISO,2025/2026,winter,LRZ 6,lrz,requirement,19622,1.247,https://cdn.misoenergy.org/PY2025-26%20LOLE%20Study%20Report632078.pdf,16-17
MISO,2025/2026,winter,LRZ 6,lrz,import_ability,7690,,https://cdn.misoenergy.org/2025%20PRA%20Results632079.pdf,20
MISO,2025/2026,winter,LRZ 6,lrz,local_clearing_requirement,11074.8,,https://cdn.misoenergy.org/2025%20PRA%20Results632079.pdf,20
MISO,2025/2026,winter,LRZ 6,lrz,system_requirement,18685.7,,https://cdn.misoenergy.org/2025%20PRA%20Results632079.pdf,20
MISO,2025/2026,winter,LRZ 7,lrz,import_limit,4762,,https://cdn.misoenergy.org/PY2025-26%20LOLE%20Study%20Report632078.pdf,5
MISO,2025/2026,winter,LRZ 7,lrz,export_limit,5712,,https://cdn.misoenergy.org/PY2025-26%20LOLE%20Study%20Report632078.pdf,5
MISO,2025/2026,winter,LRZ 7,lrz,requirement,20519,1.447,https://cdn.misoenergy.org/PY2025-26%20LOLE%20Study%20Report632078.pdf,16-17
MISO,2025/2026,winter,LRZ 7,lrz,import_ability,4762,,https://cdn.misoenergy.org/2025%20PRA%20Results632079.pdf,20
MISO,2025/2026,winter,LRZ 7,lrz,local_clearing_requirement,15500.2,,https://cdn.misoenergy.org/2025%20PRA%20Results632079.pdf,20
MISO,2025/2026,winter,LRZ 7,lrz,system_requirement,16794.7,,https://cdn.misoenergy.org/2025%20PRA%20Results632079.pdf,20
MISO,2025/2026,winter,LRZ 8,lrz,import_limit,3534,,https://cdn.misoenergy.org/PY2025-26%20LOLE%20Study%20Report632078.pdf,5
MISO,2025/2026,winter,LRZ 8,lrz,export_limit,3681,,https://cdn.misoenergy.org/PY2025-26%20LOLE%20Study%20Report632078.pdf,5
MISO,2025/2026,winter,LRZ 8,lrz,requirement,11781,1.566,https://cdn.misoenergy.org/PY2025-26%20LOLE%20Study%20Report632078.pdf,16-17
MISO,2025/2026,winter,LRZ 8,lrz,import_ability,3432,,https://cdn.misoenergy.org/2025%20PRA%20Results632079.pdf,20
MISO,2025/2026,winter,LRZ 8,lrz,local_clearing_requirement,8014.7,,https://cdn.misoenergy.org/2025%20PRA%20Results632079.pdf,20
MISO,2025/2026,winter,LRZ 8,lrz,system_requirement,9189,,https://cdn.misoenergy.org/2025%20PRA%20Results632079.pdf,20
MISO,2025/2026,winter,LRZ 9,lrz,import_limit,4995,,https://cdn.misoenergy.org/PY2025-26%20LOLE%20Study%20Report632078.pdf,5
MISO,2025/2026,winter,LRZ 9,lrz,export_limit,3041,,https://cdn.misoenergy.org/PY2025-26%20LOLE%20Study%20Report632078.pdf,5
MISO,2025/2026,winter,LRZ 9,lrz,requirement,25442,1.297,https://cdn.misoenergy.org/PY2025-26%20LOLE%20Study%20Report632078.pdf,16-17
MISO,2025/2026,winter,LRZ 9,lrz,import_ability,4418,,https://cdn.misoenergy.org/2025%20PRA%20Results632079.pdf,20
MISO,2025/2026,winter,LRZ 9,lrz,local_clearing_requirement,20593.7,,https://cdn.misoenergy.org/2025%20PRA%20Results632079.pdf,20
MISO,2025/2026,winter,LRZ 9,lrz,system_requirement,23511,,https://cdn.misoenergy.org/2025%20PRA%20Results632079.pdf,20
MISO,2025/2026,winter,LRZ 10,lrz,import_limit,3458,,https://cdn.misoenergy.org/PY2025-26%20LOLE%20Study%20Report632078.pdf,5
MISO,2025/2026,winter,LRZ 10,lrz,export_limit,2028,,https://cdn.misoenergy.org/PY2025-26%20LOLE%20Study%20Report632078.pdf,5
MISO,2025/2026,winter,LRZ 10,lrz,requirement,7288,1.628,https://cdn.misoenergy.org/PY2025-26%20LOLE%20Study%20Report632078.pdf,16-17
MISO,2025/2026,winter,LRZ 10,lrz,import_ability,3458,,https://cdn.misoenergy.org/2025%20PRA%20Results632079.pdf,20
MISO,2025/2026,winter,LRZ 10,lrz,local_clearing_requirement,3534.1,,https://cdn.misoenergy.org/2025%20PRA%20Results632079.pdf,20
MISO,2025/2026,winter,LRZ 10,lrz,system_requirement,5522.7,,https://cdn.misoenergy.org/2025%20PRA%20Results632079.pdf,20
MISO,2025/2026,winter,RTO,rto,system_requirement,130999.5,,https://cdn.misoenergy.org/2025%20PRA%20Results632079.pdf,20
MISO,2025/2026,winter,North,rto,system_requirement,92776.8,,https://cdn.misoenergy.org/2025%20PRA%20Results632079.pdf,20
MISO,2025/2026,winter,South,rto,system_requirement,38222.7,,https://cdn.misoenergy.org/2025%20PRA%20Results632079.pdf,20
MISO,2025/2026,spring,LRZ 1,lrz,import_limit,6398,,https://cdn.misoenergy.org/PY2025-26%20LOLE%20Study%20Report632078.pdf,5
MISO,2025/2026,spring,LRZ 1,lrz,export_limit,5283,,https://cdn.misoenergy.org/PY2025-26%20LOLE%20Study%20Report632078.pdf,5
MISO,2025/2026,spring,LRZ 1,lrz,requirement,19604,1.283,https://cdn.misoenergy.org/PY2025-26%20LOLE%20Study%20Report632078.pdf,16-17
MISO,2025/2026,spring,LRZ 1,lrz,import_ability,6396,,https://cdn.misoenergy.org/2025%20PRA%20Results632079.pdf,21
MISO,2025/2026,spring,LRZ 1,lrz,local_clearing_requirement,12239.1,,https://cdn.misoenergy.org/2025%20PRA%20Results632079.pdf,21
MISO,2025/2026,spring,LRZ 1,lrz,system_requirement,18174.5,,https://cdn.misoenergy.org/2025%20PRA%20Results632079.pdf,21
MISO,2025/2026,spring,LRZ 2,lrz,import_limit,6439,,https://cdn.misoenergy.org/PY2025-26%20LOLE%20Study%20Report632078.pdf,5
MISO,2025/2026,spring,LRZ 2,lrz,export_limit,6119,,https://cdn.misoenergy.org/PY2025-26%20LOLE%20Study%20Report632078.pdf,5
MISO,2025/2026,spring,LRZ 2,lrz,requirement,13673,1.331,https://cdn.misoenergy.org/PY2025-26%20LOLE%20Study%20Report632078.pdf,16-17
MISO,2025/2026,spring,LRZ 2,lrz,import_ability,6439,,https://cdn.misoenergy.org/2025%20PRA%20Results632079.pdf,21
MISO,2025/2026,spring,LRZ 2,lrz,local_clearing_requirement,6737.5,,https://cdn.misoenergy.org/2025%20PRA%20Results632079.pdf,21
MISO,2025/2026,spring,LRZ 2,lrz,system_requirement,12358.6,,https://cdn.misoenergy.org/2025%20PRA%20Results632079.pdf,21
MISO,2025/2026,spring,LRZ 3,lrz,import_limit,7784,,https://cdn.misoenergy.org/PY2025-26%20LOLE%20Study%20Report632078.pdf,5
MISO,2025/2026,spring,LRZ 3,lrz,export_limit,5981,,https://cdn.misoenergy.org/PY2025-26%20LOLE%20Study%20Report632078.pdf,5
MISO,2025/2026,spring,LRZ 3,lrz,requirement,13094,1.588,https://cdn.misoenergy.org/PY2025-26%20LOLE%20Study%20Report632078.pdf,16-17
MISO,2025/2026,spring,LRZ 3,lrz,import_ability,7726,,https://cdn.misoenergy.org/2025%20PRA%20Results632079.pdf,21
MISO,2025/2026,spring,LRZ 3,lrz,local_clearing_requirement,5014.7,,https://cdn.misoenergy.org/2025%20PRA%20Results632079.pdf,21
MISO,2025/2026,spring,LRZ 3,lrz,system_requirement,10327,,https://cdn.misoenergy.org/2025%20PRA%20Results632079.pdf,21
MISO,2025/2026,spring,LRZ 4,lrz,import_limit,8272,,https://cdn.misoenergy.org/PY2025-26%20LOLE%20Study%20Report632078.pdf,5
MISO,2025/2026,spring,LRZ 4,lrz,export_limit,4981,,https://cdn.misoenergy.org/PY2025-26%20LOLE%20Study%20Report632078.pdf,5
MISO,2025/2026,spring,LRZ 4,lrz,requirement,9775,1.495,https://cdn.misoenergy.org/PY2025-26%20LOLE%20Study%20Report632078.pdf,16-17
MISO,2025/2026,spring,LRZ 4,lrz,import_ability,7373,,https://cdn.misoenergy.org/2025%20PRA%20Results632079.pdf,21
MISO,2025/2026,spring,LRZ 4,lrz,local_clearing_requirement,1823.8,,https://cdn.misoenergy.org/2025%20PRA%20Results632079.pdf,21
MISO,2025/2026,spring,LRZ 4,lrz,system_requirement,8447.2,,https://cdn.misoenergy.org/2025%20PRA%20Results632079.pdf,21
MISO,2025/2026,spring,LRZ 5,lrz,import_limit,4453,,https://cdn.misoenergy.org/PY2025-26%20LOLE%20Study%20Report632078.pdf,5
MISO,2025/2026,spring,LRZ 5,lrz,export_limit,5797,,https://cdn.misoenergy.org/PY2025-26%20LOLE%20Study%20Report632078.pdf,5
MISO,2025/2026,spring,LRZ 5,lrz,requirement,9431,1.459,https://cdn.misoenergy.org/PY2025-26%20LOLE%20Study%20Report632078.pdf,16-17
MISO,2025/2026,spring,LRZ 5,lrz,import_ability,4453,,https://cdn.misoenergy.org/2025%20PRA%20Results632079.pdf,21
MISO,2025/2026,spring,LRZ 5,lrz,local_clearing_requirement,4700.3,,https://cdn.misoenergy.org/2025%20PRA%20Results632079.pdf,21
MISO,2025/2026,spring,LRZ 5,lrz,system_requirement,7841,,https://cdn.misoenergy.org/2025%20PRA%20Results632079.pdf,21
MISO,2025/2026,spring,LRZ 6,lrz,import_limit,9491,,https://cdn.misoenergy.org/PY2025-26%20LOLE%20Study%20Report632078.pdf,5
MISO,2025/2026,spring,LRZ 6,lrz,export_limit,6391,,https://cdn.misoenergy.org/PY2025-26%20LOLE%20Study%20Report632078.pdf,5
MISO,2025/2026,spring,LRZ 6,lrz,requirement,20221,1.388,https://cdn.misoenergy.org/PY2025-26%20LOLE%20Study%20Report632078.pdf,16-17
MISO,2025/2026,spring,LRZ 6,lrz,import_ability,9176,,https://cdn.misoenergy.org/2025%20PRA%20Results632079.pdf,21
MISO,2025/2026,spring,LRZ 6,lrz,local_clearing_requirement,10377.1,,https://cdn.misoenergy.org/2025%20PRA%20Results632079.pdf,21
MISO,2025/2026,spring,LRZ 6,lrz,system_requirement,18166.7,,https://cdn.misoenergy.org/2025%20PRA%20Results632079.pdf,21
MISO,2025/2026,spring,LRZ 7,lrz,import_limit,5166,,https://cdn.misoenergy.org/PY2025-26%20LOLE%20Study%20Report632078.pdf,5
MISO,2025/2026,spring,LRZ 7,lrz,export_limit,5499,,https://cdn.misoenergy.org/PY2025-26%20LOLE%20Study%20Report632078.pdf,5
MISO,2025/2026,spring,LRZ 7,lrz,requirement,21490,1.319,https://cdn.misoenergy.org/PY2025-26%20LOLE%20Study%20Report632078.pdf,16-17
MISO,2025/2026,spring,LRZ 7,lrz,import_ability,5166,,https://cdn.misoenergy.org/2025%20PRA%20Results632079.pdf,21
MISO,2025/2026,spring,LRZ 7,lrz,local_clearing_requirement,16453.6,,https://cdn.misoenergy.org/2025%20PRA%20Results632079.pdf,21
MISO,2025/2026,spring,LRZ 7,lrz,system_requirement,20195.5,,https://cdn.misoenergy.org/2025%20PRA%20Results632079.pdf,21
MISO,2025/2026,spring,LRZ 8,lrz,import_limit,6250,,https://cdn.misoenergy.org/PY2025-26%20LOLE%20Study%20Report632078.pdf,5
MISO,2025/2026,spring,LRZ 8,lrz,export_limit,3559,,https://cdn.misoenergy.org/PY2025-26%20LOLE%20Study%20Report632078.pdf,5
MISO,2025/2026,spring,LRZ 8,lrz,requirement,10811,1.587,https://cdn.misoenergy.org/PY2025-26%20LOLE%20Study%20Report632078.pdf,16-17
MISO,2025/2026,spring,LRZ 8,lrz,import_ability,6085,,https://cdn.misoenergy.org/2025%20PRA%20Results632079.pdf,21
MISO,2025/2026,spring,LRZ 8,lrz,local_clearing_requirement,4243.1,,https://cdn.misoenergy.org/2025%20PRA%20Results632079.pdf,21
MISO,2025/2026,spring,LRZ 8,lrz,system_requirement,7955.2,,https://cdn.misoenergy.org/2025%20PRA%20Results632079.pdf,21
MISO,2025/2026,spring,LRZ 9,lrz,import_limit,5370,,https://cdn.misoenergy.org/PY2025-26%20LOLE%20Study%20Report632078.pdf,5
MISO,2025/2026,spring,LRZ 9,lrz,export_limit,3631,,https://cdn.misoenergy.org/PY2025-26%20LOLE%20Study%20Report632078.pdf,5
MISO,2025/2026,spring,LRZ 9,lrz,requirement,24979,1.292,https://cdn.misoenergy.org/PY2025-26%20LOLE%20Study%20Report632078.pdf,16-17
MISO,2025/2026,spring,LRZ 9,lrz,import_ability,4855,,https://cdn.misoenergy.org/2025%20PRA%20Results632079.pdf,21
MISO,2025/2026,spring,LRZ 9,lrz,local_clearing_requirement,19790.5,,https://cdn.misoenergy.org/2025%20PRA%20Results632079.pdf,21
MISO,2025/2026,spring,LRZ 9,lrz,system_requirement,22076.1,,https://cdn.misoenergy.org/2025%20PRA%20Results632079.pdf,21
MISO,2025/2026,spring,LRZ 10,lrz,import_limit,4365,,https://cdn.misoenergy.org/PY2025-26%20LOLE%20Study%20Report632078.pdf,5
MISO,2025/2026,spring,LRZ 10,lrz,export_limit,3072,,https://cdn.misoenergy.org/PY2025-26%20LOLE%20Study%20Report632078.pdf,5
MISO,2025/2026,spring,LRZ 10,lrz,requirement,7832,1.788,https://cdn.misoenergy.org/PY2025-26%20LOLE%20Study%20Report632078.pdf,16-17
MISO,2025/2026,spring,LRZ 10,lrz,import_ability,4365,,https://cdn.misoenergy.org/2025%20PRA%20Results632079.pdf,21
MISO,2025/2026,spring,LRZ 10,lrz,local_clearing_requirement,3178.8,,https://cdn.misoenergy.org/2025%20PRA%20Results632079.pdf,21
MISO,2025/2026,spring,LRZ 10,lrz,system_requirement,5157.7,,https://cdn.misoenergy.org/2025%20PRA%20Results632079.pdf,21
MISO,2025/2026,spring,RTO,rto,system_requirement,130699.5,,https://cdn.misoenergy.org/2025%20PRA%20Results632079.pdf,21
MISO,2025/2026,spring,North,rto,system_requirement,95510.5,,https://cdn.misoenergy.org/2025%20PRA%20Results632079.pdf,21
MISO,2025/2026,spring,South,rto,system_requirement,35189,,https://cdn.misoenergy.org/2025%20PRA%20Results632079.pdf,21
MISO,2022/2023,annual,LRZ 1,lrz,import_limit,4629,,https://cdn.misoenergy.org/PY%202022-23%20LOLE%20Study%20Report601325.pdf,13
MISO,2022/2023,annual,LRZ 1,lrz,export_limit,3273,,https://cdn.misoenergy.org/PY%202022-23%20LOLE%20Study%20Report601325.pdf,15
MISO,2022/2023,annual,LRZ 1,lrz,requirement,19744,1.121,https://cdn.misoenergy.org/PY%202022-23%20LOLE%20Study%20Report601325.pdf,27
MISO,2022/2023,annual,LRZ 1,lrz,import_ability,4627,,https://cdn.misoenergy.org/PY%202022-23%20LOLE%20Study%20Report601325.pdf,13
MISO,2022/2023,annual,LRZ 2,lrz,import_limit,1923,,https://cdn.misoenergy.org/PY%202022-23%20LOLE%20Study%20Report601325.pdf,13
MISO,2022/2023,annual,LRZ 2,lrz,export_limit,2246,,https://cdn.misoenergy.org/PY%202022-23%20LOLE%20Study%20Report601325.pdf,15
MISO,2022/2023,annual,LRZ 2,lrz,requirement,14306,1.140,https://cdn.misoenergy.org/PY%202022-23%20LOLE%20Study%20Report601325.pdf,27
MISO,2022/2023,annual,LRZ 2,lrz,import_ability,1923,,https://cdn.misoenergy.org/PY%202022-23%20LOLE%20Study%20Report601325.pdf,13
MISO,2022/2023,annual,LRZ 3,lrz,import_limit,5626,,https://cdn.misoenergy.org/PY%202022-23%20LOLE%20Study%20Report601325.pdf,13
MISO,2022/2023,annual,LRZ 3,lrz,export_limit,3777,,https://cdn.misoenergy.org/PY%202022-23%20LOLE%20Study%20Report601325.pdf,15
MISO,2022/2023,annual,LRZ 3,lrz,requirement,11462,1.164,https://cdn.misoenergy.org/PY%202022-23%20LOLE%20Study%20Report601325.pdf,27
MISO,2022/2023,annual,LRZ 3,lrz,import_ability,5561,,https://cdn.misoenergy.org/PY%202022-23%20LOLE%20Study%20Report601325.pdf,13
MISO,2022/2023,annual,LRZ 4,lrz,import_limit,10224,,https://cdn.misoenergy.org/PY%202022-23%20LOLE%20Study%20Report601325.pdf,13
MISO,2022/2023,annual,LRZ 4,lrz,export_limit,,,https://cdn.misoenergy.org/PY%202022-23%20LOLE%20Study%20Report601325.pdf,15
MISO,2022/2023,annual,LRZ 4,lrz,requirement,12271,1.332,https://cdn.misoenergy.org/PY%202022-23%20LOLE%20Study%20Report601325.pdf,27
MISO,2022/2023,annual,LRZ 4,lrz,import_ability,9332,,https://cdn.misoenergy.org/PY%202022-23%20LOLE%20Study%20Report601325.pdf,13
MISO,2022/2023,annual,LRZ 5,lrz,import_limit,6072,,https://cdn.misoenergy.org/PY%202022-23%20LOLE%20Study%20Report601325.pdf,13
MISO,2022/2023,annual,LRZ 5,lrz,export_limit,,,https://cdn.misoenergy.org/PY%202022-23%20LOLE%20Study%20Report601325.pdf,15
MISO,2022/2023,annual,LRZ 5,lrz,requirement,10487,1.365,https://cdn.misoenergy.org/PY%202022-23%20LOLE%20Study%20Report601325.pdf,27
MISO,2022/2023,annual,LRZ 5,lrz,import_ability,6072,,https://cdn.misoenergy.org/PY%202022-23%20LOLE%20Study%20Report601325.pdf,13
MISO,2022/2023,annual,LRZ 6,lrz,import_limit,7352,,https://cdn.misoenergy.org/PY%202022-23%20LOLE%20Study%20Report601325.pdf,13
MISO,2022/2023,annual,LRZ 6,lrz,export_limit,7231,,https://cdn.misoenergy.org/PY%202022-23%20LOLE%20Study%20Report601325.pdf,15
MISO,2022/2023,annual,LRZ 6,lrz,requirement,20192,1.175,https://cdn.misoenergy.org/PY%202022-23%20LOLE%20Study%20Report601325.pdf,27
MISO,2022/2023,annual,LRZ 6,lrz,import_ability,6952,,https://cdn.misoenergy.org/PY%202022-23%20LOLE%20Study%20Report601325.pdf,13
MISO,2022/2023,annual,LRZ 7,lrz,import_limit,3749,,https://cdn.misoenergy.org/PY%202022-23%20LOLE%20Study%20Report601325.pdf,13
MISO,2022/2023,annual,LRZ 7,lrz,export_limit,2392,,https://cdn.misoenergy.org/PY%202022-23%20LOLE%20Study%20Report601325.pdf,15
MISO,2022/2023,annual,LRZ 7,lrz,requirement,24115,1.194,https://cdn.misoenergy.org/PY%202022-23%20LOLE%20Study%20Report601325.pdf,27
MISO,2022/2023,annual,LRZ 7,lrz,import_ability,3749,,https://cdn.misoenergy.org/PY%202022-23%20LOLE%20Study%20Report601325.pdf,13
MISO,2022/2023,annual,LRZ 8,lrz,import_limit,4037,,https://cdn.misoenergy.org/PY%202022-23%20LOLE%20Study%20Report601325.pdf,13
MISO,2022/2023,annual,LRZ 8,lrz,export_limit,4705,,https://cdn.misoenergy.org/PY%202022-23%20LOLE%20Study%20Report601325.pdf,15
MISO,2022/2023,annual,LRZ 8,lrz,requirement,10135,1.350,https://cdn.misoenergy.org/PY%202022-23%20LOLE%20Study%20Report601325.pdf,27
MISO,2022/2023,annual,LRZ 8,lrz,import_ability,3989,,https://cdn.misoenergy.org/PY%202022-23%20LOLE%20Study%20Report601325.pdf,13
MISO,2022/2023,annual,LRZ 9,lrz,import_limit,4201,,https://cdn.misoenergy.org/PY%202022-23%20LOLE%20Study%20Report601325.pdf,13
MISO,2022/2023,annual,LRZ 9,lrz,export_limit,2790,,https://cdn.misoenergy.org/PY%202022-23%20LOLE%20Study%20Report601325.pdf,15
MISO,2022/2023,annual,LRZ 9,lrz,requirement,24124,1.179,https://cdn.misoenergy.org/PY%202022-23%20LOLE%20Study%20Report601325.pdf,27
MISO,2022/2023,annual,LRZ 9,lrz,import_ability,3389,,https://cdn.misoenergy.org/PY%202022-23%20LOLE%20Study%20Report601325.pdf,13
MISO,2022/2023,annual,LRZ 10,lrz,import_limit,3033,,https://cdn.misoenergy.org/PY%202022-23%20LOLE%20Study%20Report601325.pdf,13
MISO,2022/2023,annual,LRZ 10,lrz,export_limit,842,,https://cdn.misoenergy.org/PY%202022-23%20LOLE%20Study%20Report601325.pdf,15
MISO,2022/2023,annual,LRZ 10,lrz,requirement,7260,1.595,https://cdn.misoenergy.org/PY%202022-23%20LOLE%20Study%20Report601325.pdf,27
MISO,2022/2023,annual,LRZ 10,lrz,import_ability,3033,,https://cdn.misoenergy.org/PY%202022-23%20LOLE%20Study%20Report601325.pdf,13
