facility_name,facility_id,unit_id,year,unit_capacity_mw,plant_group,capacity_source,when_operable_cf
E D Edwards,856,2,2019,266.0,COAL,observed_peak,0.5917
E D Edwards,856,3,2019,344.0,COAL,observed_peak,0.5854
Baldwin Energy Complex,889,1,2019,625.1,COAL,eia_exact,0.8013
Baldwin Energy Complex,889,2,2019,634.5,COAL,eia_exact,0.7281
Dallman,963,31,2019,82.0,COAL,observed_peak,0.6395
Dallman,963,32,2019,72.0,COAL,observed_peak,0.7184
Dallman,963,33,2019,192.0,COAL,observed_peak,0.6564
Dallman,963,4,2019,230.1,COAL,eia_exact,0.6364
Marion,976,123,2019,120.0,COAL,observed_peak,0.7331
Marion,976,4,2019,195.0,COAL,observed_peak,0.7367
IPL - Petersburg Generating Station,994,1,2019,2.7,COAL,eia_digits,78.07
IPL - Petersburg Generating Station,994,2,2019,2.7,COAL,eia_digits,133.7946
IPL - Petersburg Generating Station,994,3,2019,574.0,COAL,observed_peak,0.7043
IPL - Petersburg Generating Station,994,4,2019,670.9,COAL,eia_exact,0.6316
Michigan City Generating Station,997,12,2019,540.0,COAL,eia_exact,0.6698
Cayuga,1001,1,2019,531.0,COAL,eia_exact,0.6744
Cayuga,1001,2,2019,531.0,COAL,eia_exact,0.6653
Edwardsport Generating Station,1004,CTG1,2019,406.3,COAL,eia_digits_cc,0.8952
Edwardsport Generating Station,1004,CTG2,2019,406.3,COAL,eia_digits_cc,0.8892
F B Culley Generating Station,1012,3,2019,265.2,COAL,eia_exact,0.7365
Lansing,1047,4,2019,270.0,COAL,observed_peak,0.5749
Prairie Creek,1073,3,2019,99.4,COAL,optime_proxy,0.9385
Walter Scott Jr. Energy Center,1082,3,2019,725.8,COAL,eia_exact,0.7869
Walter Scott Jr. Energy Center,1082,4,2019,922.5,COAL,eia_exact,0.7392
George Neal North,1091,3,2019,584.1,COAL,eia_exact,0.5621
Burlington (IA),1104,1,2019,212.0,COAL,eia_exact,0.7705
Muscatine,1167,8,2019,75.0,COAL,eia_exact,0.6589
R S Nelson,1393,6,2019,614.6,COAL,eia_exact,0.5537
Dan E Karn,1702,1,2019,278.0,COAL,observed_peak,0.7601
Dan E Karn,1702,2,2019,278.0,COAL,observed_peak,0.7205
J H Campbell,1710,1,2019,265.2,COAL,eia_exact,0.7878
J H Campbell,1710,2,2019,378.8,COAL,eia_exact,0.6437
J H Campbell,1710,3,2019,916.8,COAL,eia_exact,0.8694
Monroe,1733,1,2019,817.2,COAL,eia_exact,0.7119
Monroe,1733,2,2019,822.6,COAL,eia_exact,0.6709
Monroe,1733,3,2019,822.6,COAL,eia_exact,0.7767
Monroe,1733,4,2019,817.2,COAL,eia_exact,0.7267
Boswell Energy Center,1893,3,2019,364.5,COAL,eia_exact,0.7542
Boswell Energy Center,1893,4,2019,558.0,COAL,eia_exact,0.8393
Allen S King,1915,1,2019,598.4,COAL,eia_exact,0.7215
Labadie,2103,1,2019,573.7,COAL,eia_exact,0.9693
Labadie,2103,2,2019,573.7,COAL,eia_exact,0.8892
Labadie,2103,3,2019,621.0,COAL,eia_exact,0.8828
Labadie,2103,4,2019,621.0,COAL,eia_exact,0.8155
Sioux,2107,1,2019,549.7,COAL,eia_exact,0.6916
Sioux,2107,2,2019,549.7,COAL,eia_exact,0.6566
Milton R Young,2823,B1,2019,257.0,COAL,eia_digits,0.9082
Milton R Young,2823,B2,2019,477.0,COAL,eia_digits,0.8894
South Oak Creek,4041,5,2019,251.0,COAL,observed_peak,0.6986
South Oak Creek,4041,6,2019,260.0,COAL,observed_peak,0.6859
South Oak Creek,4041,7,2019,317.6,COAL,eia_exact,0.679
South Oak Creek,4041,8,2019,324.0,COAL,eia_exact,0.7126
Weston,4078,3,2019,350.5,COAL,eia_exact,0.7654
Weston,4078,4,2019,595.0,COAL,eia_exact,0.8074
White Bluff,6009,1,2019,900.0,COAL,eia_exact,0.6079
White Bluff,6009,2,2019,900.0,COAL,eia_exact,0.665
Duck Creek,6016,1,2019,462.0,COAL,observed_peak,0.5551
Newton,6017,1,2019,617.4,COAL,eia_exact,0.6994
Coal Creek,6030,1,2019,604.8,COAL,eia_exact,0.953
Coal Creek,6030,2,2019,604.8,COAL,eia_exact,0.9233
Belle River,6034,1,2019,689.0,COAL,observed_peak,0.6926
Belle River,6034,2,2019,691.0,COAL,observed_peak,0.7766
R M Schahfer Generating Station,6085,14,2019,475.0,COAL,observed_peak,0.7251
R M Schahfer Generating Station,6085,15,2019,507.0,COAL,observed_peak,0.648
Sherburne County,6090,1,2019,765.3,COAL,eia_exact,0.6315
Sherburne County,6090,2,2019,759.0,COAL,observed_peak,0.6553
Sherburne County,6090,3,2019,938.7,COAL,eia_exact,0.6377
Big Stone,6098,1,2019,450.0,COAL,eia_exact,0.758
Gibson,6113,1,2019,667.9,COAL,eia_exact,0.7081
Gibson,6113,2,2019,667.9,COAL,eia_exact,0.6583
Gibson,6113,3,2019,667.9,COAL,eia_exact,0.6381
Gibson,6113,4,2019,667.9,COAL,eia_exact,0.6804
Gibson,6113,5,2019,667.9,COAL,eia_exact,0.6121
Rush Island,6155,1,2019,641.0,COAL,observed_peak,0.6664
Rush Island,6155,2,2019,640.0,COAL,observed_peak,0.6895
Merom,6213,1SG1,2019,548.0,COAL,observed_peak,0.7327
Merom,6213,2SG1,2019,536.0,COAL,observed_peak,0.654
Ottumwa,6254,1,2019,725.9,COAL,eia_exact,0.7198
R D Green,6639,G1,2019,293.0,COAL,eia_digits,0.6131
R D Green,6639,G2,2019,293.0,COAL,eia_digits,0.6347
Independence,6641,2,2019,900.0,COAL,eia_exact,0.5806
Louisa,6664,101,2019,808.0,COAL,observed_peak,0.6685
Alcoa Allowance Management Inc,6705,1,2019,166.6,COAL,eia_exact,0.8328
Alcoa Allowance Management Inc,6705,2,2019,166.6,COAL,eia_exact,0.6534
Alcoa Allowance Management Inc,6705,3,2019,166.6,COAL,eia_exact,0.8414
Alcoa Allowance Management Inc,6705,4,2019,323.0,COAL,eia_exact,0.8041
D B Wilson,6823,W1,2019,509.4,COAL,eia_digits,0.7019
George Neal South,7343,4,2019,695.9,COAL,eia_exact,0.6849
Columbia,8023,1,2019,556.0,COAL,eia_exact,0.6695
Columbia,8023,2,2019,556.0,COAL,eia_exact,0.6396
Coyote,8222,B1,2019,450.0,COAL,eia_digits,0.7817
Archer Daniels Midland Co.,10865,FBC1,2019,30.5,COAL,optime_proxy,0.9863
Archer Daniels Midland Co.,10865,FBC2,2019,30.5,COAL,optime_proxy,0.9894
Archer Daniels Midland Co.,10865,FBC3,2019,30.5,COAL,optime_proxy,0.9864
Archer Daniels Midland Co.,10865,FBC4,2019,30.5,COAL,optime_proxy,0.9878
Archer Daniels Midland Co.,10865,FBC5,2019,30.5,COAL,optime_proxy,0.9899
Archer Daniels Midland Co.,10865,FBC6,2019,30.5,COAL,optime_proxy,0.9991
Archer Daniels Midland Co.,10865,FBC7,2019,30.5,COAL,optime_proxy,0.9976
Archer Daniels Midland Co.,10865,FBC8,2019,30.5,COAL,optime_proxy,1.0
Archer Daniels Midland Co.,10865,FBC9,2019,30.5,COAL,optime_proxy,0.9921
Tate & Lyle,10867,123-08,2019,32.4,COAL,optime_proxy,0.9956
Tate & Lyle,10867,123-09,2019,32.4,COAL,optime_proxy,0.9222
Purdue University-Wade Utility,50240,5,2019,10.8,COAL,optime_proxy,0.9992
TES Filer City Station,50835,1,2019,35.0,COAL,optime_proxy,0.9886
TES Filer City Station,50835,2,2019,35.0,COAL,optime_proxy,0.9837
Prairie State Generating Station,55856,01,2019,891.0,COAL,observed_peak,0.8762
Prairie State Generating Station,55856,02,2019,886.0,COAL,observed_peak,0.8904
Elm Road Generating Station,56068,1,2019,701.3,COAL,eia_exact,0.8413
Elm Road Generating Station,56068,2,2019,701.3,COAL,eia_exact,0.8259
Plum Point Energy Station,56456,1,2019,720.0,COAL,eia_digits,0.8083
Spiritwood Station,56786,001,2019,106.2,COAL,optime_proxy,0.9713
E D Edwards,856,2,2020,260.0,COAL,observed_peak,0.6307
E D Edwards,856,3,2020,339.0,COAL,observed_peak,0.6375
Baldwin Energy Complex,889,1,2020,625.1,COAL,eia_exact,0.7076
Baldwin Energy Complex,889,2,2020,634.5,COAL,eia_exact,0.6737
Dallman,963,31,2020,68.0,COAL,observed_peak,0.6332
Dallman,963,32,2020,64.0,COAL,observed_peak,0.8073
Marion,976,123,2020,120.0,COAL,observed_peak,0.6758
Marion,976,4,2020,180.0,COAL,observed_peak,0.8024
IPL - Petersburg Generating Station,994,1,2020,2.7,COAL,eia_digits,71.4554
IPL - Petersburg Generating Station,994,2,2020,2.7,COAL,eia_digits,134.2482
IPL - Petersburg Generating Station,994,3,2020,571.0,COAL,observed_peak,0.6817
IPL - Petersburg Generating Station,994,4,2020,670.9,COAL,eia_exact,0.5615
Michigan City Generating Station,997,12,2020,540.0,COAL,eia_exact,0.6197
Cayuga,1001,1,2020,531.0,COAL,eia_exact,0.7314
Cayuga,1001,2,2020,531.0,COAL,eia_exact,0.7633
Edwardsport Generating Station,1004,CTG1,2020,406.3,COAL,eia_digits_cc,0.9107
Edwardsport Generating Station,1004,CTG2,2020,406.3,COAL,eia_digits_cc,0.8902
F B Culley Generating Station,1012,3,2020,265.2,COAL,eia_exact,0.5782
Lansing,1047,4,2020,259.0,COAL,observed_peak,0.6044
Prairie Creek,1073,3,2020,99.4,COAL,optime_proxy,0.9712
Walter Scott Jr. Energy Center,1082,3,2020,725.8,COAL,eia_exact,0.6503
Walter Scott Jr. Energy Center,1082,4,2020,922.5,COAL,eia_exact,0.6579
Burlington (IA),1104,1,2020,212.0,COAL,eia_exact,0.7583
Muscatine,1167,8,2020,75.0,COAL,eia_exact,0.6703
Dan E Karn,1702,1,2020,279.0,COAL,observed_peak,0.7095
Dan E Karn,1702,2,2020,252.0,COAL,observed_peak,0.7341
J H Campbell,1710,1,2020,265.2,COAL,eia_exact,0.7292
J H Campbell,1710,3,2020,916.8,COAL,eia_exact,0.7868
Monroe,1733,1,2020,817.2,COAL,eia_exact,0.6716
Monroe,1733,2,2020,822.6,COAL,eia_exact,0.6559
Monroe,1733,3,2020,822.6,COAL,eia_exact,0.6971
Monroe,1733,4,2020,817.2,COAL,eia_exact,0.6997
Boswell Energy Center,1893,3,2020,364.5,COAL,eia_exact,0.5961
Boswell Energy Center,1893,4,2020,558.0,COAL,eia_exact,0.6799
Allen S King,1915,1,2020,598.4,COAL,eia_exact,0.8374
Labadie,2103,1,2020,573.7,COAL,eia_exact,0.9181
Labadie,2103,2,2020,573.7,COAL,eia_exact,0.9064
Labadie,2103,3,2020,621.0,COAL,eia_exact,0.8195
Labadie,2103,4,2020,621.0,COAL,eia_exact,0.803
Sioux,2107,1,2020,549.7,COAL,eia_exact,0.6179
Sioux,2107,2,2020,549.7,COAL,eia_exact,0.6411
Milton R Young,2823,B1,2020,257.0,COAL,eia_digits,0.8597
Milton R Young,2823,B2,2020,477.0,COAL,eia_digits,0.7902
South Oak Creek,4041,5,2020,242.0,COAL,observed_peak,0.6923
South Oak Creek,4041,6,2020,265.0,COAL,observed_peak,0.8126
South Oak Creek,4041,7,2020,317.6,COAL,eia_exact,0.7775
South Oak Creek,4041,8,2020,324.0,COAL,eia_exact,0.7207
Weston,4078,3,2020,350.5,COAL,eia_exact,0.6677
Weston,4078,4,2020,595.0,COAL,eia_exact,0.7866
White Bluff,6009,1,2020,900.0,COAL,eia_exact,0.5657
White Bluff,6009,2,2020,900.0,COAL,eia_exact,0.5943
Newton,6017,1,2020,617.4,COAL,eia_exact,0.7177
Coal Creek,6030,1,2020,604.8,COAL,eia_exact,0.8959
Coal Creek,6030,2,2020,604.8,COAL,eia_exact,0.9023
Belle River,6034,1,2020,688.0,COAL,observed_peak,0.6183
Belle River,6034,2,2020,684.0,COAL,observed_peak,0.7571
R M Schahfer Generating Station,6085,14,2020,432.0,COAL,observed_peak,0.7671
Sherburne County,6090,1,2020,765.3,COAL,eia_exact,0.5978
Sherburne County,6090,2,2020,758.0,COAL,observed_peak,0.6417
Sherburne County,6090,3,2020,938.7,COAL,eia_exact,0.6748
Big Stone,6098,1,2020,450.0,COAL,eia_exact,0.5612
Gibson,6113,1,2020,667.9,COAL,eia_exact,0.7863
Gibson,6113,2,2020,667.9,COAL,eia_exact,0.7411
Gibson,6113,3,2020,667.9,COAL,eia_exact,0.6922
Gibson,6113,4,2020,667.9,COAL,eia_exact,0.7233
Gibson,6113,5,2020,667.9,COAL,eia_exact,0.6457
Rush Island,6155,1,2020,646.0,COAL,observed_peak,0.7421
Rush Island,6155,2,2020,648.0,COAL,observed_peak,0.8332
Merom,6213,1SG1,2020,539.0,COAL,observed_peak,0.6129
Merom,6213,2SG1,2020,532.0,COAL,observed_peak,0.6531
Ottumwa,6254,1,2020,725.9,COAL,eia_exact,0.6609
Independence,6641,2,2020,900.0,COAL,eia_exact,0.588
Alcoa Allowance Management Inc,6705,1,2020,166.6,COAL,eia_exact,0.8029
Alcoa Allowance Management Inc,6705,2,2020,166.6,COAL,eia_exact,0.6935
Alcoa Allowance Management Inc,6705,3,2020,166.6,COAL,eia_exact,0.7506
Alcoa Allowance Management Inc,6705,4,2020,323.0,COAL,eia_exact,0.7732
D B Wilson,6823,W1,2020,509.4,COAL,eia_digits,0.6345
George Neal South,7343,4,2020,695.9,COAL,eia_exact,0.619
Columbia,8023,1,2020,556.0,COAL,eia_exact,0.6605
Columbia,8023,2,2020,556.0,COAL,eia_exact,0.6851
Coyote,8222,B1,2020,450.0,COAL,eia_digits,0.6662
Archer Daniels Midland Co.,10865,FBC1,2020,30.5,COAL,optime_proxy,0.994
Archer Daniels Midland Co.,10865,FBC2,2020,30.5,COAL,optime_proxy,0.9937
Archer Daniels Midland Co.,10865,FBC3,2020,30.5,COAL,optime_proxy,0.993
Archer Daniels Midland Co.,10865,FBC4,2020,30.5,COAL,optime_proxy,0.9976
Archer Daniels Midland Co.,10865,FBC5,2020,30.5,COAL,optime_proxy,0.9903
Archer Daniels Midland Co.,10865,FBC6,2020,30.5,COAL,optime_proxy,0.9954
Archer Daniels Midland Co.,10865,FBC7,2020,30.5,COAL,optime_proxy,0.9983
Archer Daniels Midland Co.,10865,FBC8,2020,30.5,COAL,optime_proxy,0.9859
Archer Daniels Midland Co.,10865,FBC9,2020,30.5,COAL,optime_proxy,0.9932
Tate & Lyle,10867,123-08,2020,32.4,COAL,optime_proxy,0.9844
Tate & Lyle,10867,123-09,2020,32.4,COAL,optime_proxy,0.9623
Purdue University-Wade Utility,50240,5,2020,10.8,COAL,optime_proxy,0.9804
TES Filer City Station,50835,1,2020,35.0,COAL,optime_proxy,0.9977
TES Filer City Station,50835,2,2020,35.0,COAL,optime_proxy,0.9858
Prairie State Generating Station,55856,01,2020,890.0,COAL,observed_peak,0.8642
Prairie State Generating Station,55856,02,2020,886.0,COAL,observed_peak,0.8627
Elm Road Generating Station,56068,1,2020,701.3,COAL,eia_exact,0.8418
Elm Road Generating Station,56068,2,2020,701.3,COAL,eia_exact,0.8727
Plum Point Energy Station,56456,1,2020,720.0,COAL,eia_digits,0.6539
Spiritwood Station,56786,001,2020,106.2,COAL,optime_proxy,0.9855
E D Edwards,856,2,2021,229.0,COAL,observed_peak,0.7154
Baldwin Energy Complex,889,1,2021,625.1,COAL,eia_exact,0.7877
Baldwin Energy Complex,889,2,2021,634.5,COAL,eia_exact,0.7828
Dallman,963,33,2021,170.0,COAL,observed_peak,0.7171
Dallman,963,4,2021,230.1,COAL,eia_exact,0.7242
Marion,976,123,2021,117.0,COAL,observed_peak,0.8063
IPL - Petersburg Generating Station,994,1,2021,2.7,COAL,eia_digits,83.8433
IPL - Petersburg Generating Station,994,2,2021,2.7,COAL,eia_digits,137.7157
IPL - Petersburg Generating Station,994,3,2021,570.0,COAL,observed_peak,0.7906
IPL - Petersburg Generating Station,994,4,2021,670.9,COAL,eia_exact,0.6791
Michigan City Generating Station,997,12,2021,540.0,COAL,eia_exact,0.6831
Cayuga,1001,1,2021,531.0,COAL,eia_exact,0.7396
Cayuga,1001,2,2021,531.0,COAL,eia_exact,0.7484
Edwardsport Generating Station,1004,CTG1,2021,406.3,COAL,eia_digits_cc,0.8919
Edwardsport Generating Station,1004,CTG2,2021,406.3,COAL,eia_digits_cc,0.8857
F B Culley Generating Station,1012,3,2021,265.2,COAL,eia_exact,0.8912
Lansing,1047,4,2021,248.0,COAL,observed_peak,0.6705
Prairie Creek,1073,3,2021,99.4,COAL,optime_proxy,0.9972
Walter Scott Jr. Energy Center,1082,3,2021,725.8,COAL,eia_exact,0.6959
Walter Scott Jr. Energy Center,1082,4,2021,922.5,COAL,eia_exact,0.7206
Burlington (IA),1104,1,2021,212.0,COAL,eia_exact,0.6696
Muscatine,1167,8,2021,75.0,COAL,eia_exact,0.6992
Muscatine,1167,9,2021,175.5,COAL,eia_exact,0.6527
R S Nelson,1393,6,2021,614.6,COAL,eia_exact,0.6256
Dan E Karn,1702,1,2021,281.0,COAL,observed_peak,0.8105
Dan E Karn,1702,2,2021,254.0,COAL,observed_peak,0.8841
J H Campbell,1710,1,2021,265.2,COAL,eia_exact,0.9022
J H Campbell,1710,2,2021,378.8,COAL,eia_exact,0.6591
J H Campbell,1710,3,2021,916.8,COAL,eia_exact,0.8618
Monroe,1733,1,2021,817.2,COAL,eia_exact,0.7127
Monroe,1733,2,2021,822.6,COAL,eia_exact,0.7131
Monroe,1733,3,2021,822.6,COAL,eia_exact,0.7766
Monroe,1733,4,2021,817.2,COAL,eia_exact,0.7486
Boswell Energy Center,1893,3,2021,364.5,COAL,eia_exact,0.8019
Boswell Energy Center,1893,4,2021,558.0,COAL,eia_exact,0.8627
Allen S King,1915,1,2021,598.4,COAL,eia_exact,0.7344
Labadie,2103,1,2021,573.7,COAL,eia_exact,0.9351
Labadie,2103,2,2021,573.7,COAL,eia_exact,0.9296
Labadie,2103,3,2021,621.0,COAL,eia_exact,0.8296
Labadie,2103,4,2021,621.0,COAL,eia_exact,0.8701
Sioux,2107,1,2021,549.7,COAL,eia_exact,0.5958
Sioux,2107,2,2021,549.7,COAL,eia_exact,0.6943
Milton R Young,2823,B1,2021,257.0,COAL,eia_digits,0.8599
Milton R Young,2823,B2,2021,477.0,COAL,eia_digits,0.8099
South Oak Creek,4041,5,2021,252.0,COAL,observed_peak,0.8202
South Oak Creek,4041,6,2021,266.0,COAL,observed_peak,0.7071
South Oak Creek,4041,7,2021,317.6,COAL,eia_exact,0.8234
South Oak Creek,4041,8,2021,324.0,COAL,eia_exact,0.7594
Edgewater (4050),4050,5,2021,413.7,COAL,eia_exact,0.7324
Weston,4078,3,2021,350.5,COAL,eia_exact,0.7807
Weston,4078,4,2021,595.0,COAL,eia_exact,0.7753
J P Madgett,4271,B1,2021,387.0,COAL,eia_digits,0.6474
White Bluff,6009,1,2021,900.0,COAL,eia_exact,0.7343
White Bluff,6009,2,2021,900.0,COAL,eia_exact,0.7551
Newton,6017,1,2021,617.4,COAL,eia_exact,0.75
Coal Creek,6030,1,2021,604.8,COAL,eia_exact,0.9413
Coal Creek,6030,2,2021,604.8,COAL,eia_exact,0.9387
Belle River,6034,1,2021,690.0,COAL,observed_peak,0.7385
Belle River,6034,2,2021,675.0,COAL,observed_peak,0.794
Big Cajun 2,6055,2B3,2021,593.0,COAL,observed_peak,0.5559
R M Schahfer Generating Station,6085,17,2021,423.5,COAL,eia_exact,0.5665
Sherburne County,6090,1,2021,765.3,COAL,eia_exact,0.6524
Sherburne County,6090,2,2021,752.0,COAL,observed_peak,0.7165
Sherburne County,6090,3,2021,938.7,COAL,eia_exact,0.648
Big Stone,6098,1,2021,450.0,COAL,eia_exact,0.6793
Gibson,6113,1,2021,667.9,COAL,eia_exact,0.7345
Gibson,6113,2,2021,667.9,COAL,eia_exact,0.6292
Gibson,6113,3,2021,667.9,COAL,eia_exact,0.6588
Gibson,6113,4,2021,667.9,COAL,eia_exact,0.7053
Gibson,6113,5,2021,667.9,COAL,eia_exact,0.5884
Rush Island,6155,1,2021,644.0,COAL,observed_peak,0.8433
Rush Island,6155,2,2021,647.0,COAL,observed_peak,0.8338
Brame Energy Center,6190,2,2021,558.0,COAL,eia_exact,0.6509
Merom,6213,1SG1,2021,539.0,COAL,observed_peak,0.8179
Merom,6213,2SG1,2021,533.0,COAL,observed_peak,0.7879
Ottumwa,6254,1,2021,725.9,COAL,eia_exact,0.7887
R D Green,6639,G1,2021,293.0,COAL,eia_digits,0.6909
R D Green,6639,G2,2021,293.0,COAL,eia_digits,0.6587
Independence,6641,1,2021,900.0,COAL,eia_exact,0.6854
Independence,6641,2,2021,900.0,COAL,eia_exact,0.5502
Louisa,6664,101,2021,810.0,COAL,observed_peak,0.7017
Alcoa Allowance Management Inc,6705,1,2021,166.6,COAL,eia_exact,0.8065
Alcoa Allowance Management Inc,6705,2,2021,166.6,COAL,eia_exact,0.7854
Alcoa Allowance Management Inc,6705,3,2021,166.6,COAL,eia_exact,0.8061
Alcoa Allowance Management Inc,6705,4,2021,323.0,COAL,eia_exact,0.7713
D B Wilson,6823,W1,2021,509.4,COAL,eia_digits,0.7703
George Neal South,7343,4,2021,695.9,COAL,eia_exact,0.6063
Columbia,8023,1,2021,556.0,COAL,eia_exact,0.7963
Columbia,8023,2,2021,556.0,COAL,eia_exact,0.8393
Coyote,8222,B1,2021,450.0,COAL,eia_digits,0.7505
Archer Daniels Midland Co.,10865,FBC1,2021,30.5,COAL,optime_proxy,0.9911
Archer Daniels Midland Co.,10865,FBC2,2021,30.5,COAL,optime_proxy,0.9974
Archer Daniels Midland Co.,10865,FBC3,2021,30.5,COAL,optime_proxy,0.9891
Archer Daniels Midland Co.,10865,FBC4,2021,30.5,COAL,optime_proxy,0.9871
Archer Daniels Midland Co.,10865,FBC5,2021,30.5,COAL,optime_proxy,0.977
Archer Daniels Midland Co.,10865,FBC6,2021,30.5,COAL,optime_proxy,0.9927
Archer Daniels Midland Co.,10865,FBC7,2021,30.5,COAL,optime_proxy,0.9991
Archer Daniels Midland Co.,10865,FBC8,2021,30.5,COAL,optime_proxy,0.9695
Archer Daniels Midland Co.,10865,FBC9,2021,30.5,COAL,optime_proxy,0.9954
Tate & Lyle,10867,123-08,2021,32.4,COAL,optime_proxy,0.9825
Tate & Lyle,10867,123-09,2021,32.4,COAL,optime_proxy,0.9712
Purdue University-Wade Utility,50240,5,2021,10.8,COAL,optime_proxy,0.9991
TES Filer City Station,50835,1,2021,35.0,COAL,optime_proxy,0.9941
TES Filer City Station,50835,2,2021,35.0,COAL,optime_proxy,0.9902
Prairie State Generating Station,55856,01,2021,881.0,COAL,observed_peak,0.9184
Prairie State Generating Station,55856,02,2021,885.0,COAL,observed_peak,0.9329
Elm Road Generating Station,56068,1,2021,701.3,COAL,eia_exact,0.8935
Elm Road Generating Station,56068,2,2021,701.3,COAL,eia_exact,0.8331
Plum Point Energy Station,56456,1,2021,720.0,COAL,eia_digits,0.8842
Spiritwood Station,56786,001,2021,106.2,COAL,optime_proxy,0.9826
E D Edwards,856,2,2022,218.0,COAL,observed_peak,0.6452
E D Edwards,856,3,2022,297.0,COAL,observed_peak,0.6474
Baldwin Energy Complex,889,1,2022,625.1,COAL,eia_exact,0.6523
Baldwin Energy Complex,889,2,2022,634.5,COAL,eia_exact,0.6805
Dallman,963,4,2022,230.1,COAL,eia_exact,0.8603
Marion,976,123,2022,120.0,COAL,observed_peak,0.78
IPL - Petersburg Generating Station,994,2,2022,2.7,COAL,eia_digits,132.3201
IPL - Petersburg Generating Station,994,3,2022,589.0,COAL,observed_peak,0.7103
IPL - Petersburg Generating Station,994,4,2022,670.9,COAL,eia_exact,0.6396
Michigan City Generating Station,997,12,2022,540.0,COAL,eia_exact,0.6551
Cayuga,1001,1,2022,531.0,COAL,eia_exact,0.6695
Cayuga,1001,2,2022,531.0,COAL,eia_exact,0.705
Edwardsport Generating Station,1004,CTG1,2022,406.3,COAL,eia_digits_cc,0.884
Edwardsport Generating Station,1004,CTG2,2022,406.3,COAL,eia_digits_cc,0.9097
F B Culley Generating Station,1012,2,2022,103.7,COAL,eia_exact,0.5654
F B Culley Generating Station,1012,3,2022,265.2,COAL,eia_exact,0.8205
Lansing,1047,4,2022,232.0,COAL,observed_peak,0.7024
Prairie Creek,1073,3,2022,99.4,COAL,optime_proxy,0.991
Walter Scott Jr. Energy Center,1082,3,2022,725.8,COAL,eia_exact,0.7104
Walter Scott Jr. Energy Center,1082,4,2022,922.5,COAL,eia_exact,0.5754
Muscatine,1167,8,2022,75.0,COAL,eia_exact,0.6038
Muscatine,1167,9,2022,175.5,COAL,eia_exact,0.5898
R S Nelson,1393,6,2022,614.6,COAL,eia_exact,0.5933
Dan E Karn,1702,1,2022,278.0,COAL,observed_peak,0.8533
Dan E Karn,1702,2,2022,257.0,COAL,observed_peak,0.904
J H Campbell,1710,1,2022,265.2,COAL,eia_exact,0.8669
J H Campbell,1710,2,2022,378.8,COAL,eia_exact,0.6501
J H Campbell,1710,3,2022,916.8,COAL,eia_exact,0.7723
Monroe,1733,1,2022,817.2,COAL,eia_exact,0.7681
Monroe,1733,2,2022,822.6,COAL,eia_exact,0.758
Monroe,1733,3,2022,822.6,COAL,eia_exact,0.6917
Monroe,1733,4,2022,817.2,COAL,eia_exact,0.7925
Erickson,1832,1,2022,165.0,COAL,observed_peak,0.5877
Boswell Energy Center,1893,3,2022,364.5,COAL,eia_exact,0.7995
Boswell Energy Center,1893,4,2022,558.0,COAL,eia_exact,0.887
Allen S King,1915,1,2022,598.4,COAL,eia_exact,0.6805
Labadie,2103,1,2022,573.7,COAL,eia_exact,0.9798
Labadie,2103,2,2022,573.7,COAL,eia_exact,0.9509
Labadie,2103,3,2022,621.0,COAL,eia_exact,0.852
Labadie,2103,4,2022,621.0,COAL,eia_exact,0.8436
Sioux,2107,1,2022,549.7,COAL,eia_exact,0.6403
Sioux,2107,2,2022,549.7,COAL,eia_exact,0.6701
Milton R Young,2823,B1,2022,257.0,COAL,eia_digits,0.9075
Milton R Young,2823,B2,2022,477.0,COAL,eia_digits,0.8884
South Oak Creek,4041,5,2022,262.0,COAL,observed_peak,0.581
South Oak Creek,4041,6,2022,270.0,COAL,observed_peak,0.6849
South Oak Creek,4041,7,2022,317.6,COAL,eia_exact,0.6006
South Oak Creek,4041,8,2022,324.0,COAL,eia_exact,0.5827
Edgewater (4050),4050,5,2022,413.7,COAL,eia_exact,0.6669
Weston,4078,3,2022,350.5,COAL,eia_exact,0.6427
Weston,4078,4,2022,595.0,COAL,eia_exact,0.7925
J P Madgett,4271,B1,2022,387.0,COAL,eia_digits,0.7329
White Bluff,6009,1,2022,900.0,COAL,eia_exact,0.5631
Newton,6017,1,2022,617.4,COAL,eia_exact,0.7402
Coal Creek,6030,1,2022,604.8,COAL,eia_exact,0.9314
Coal Creek,6030,2,2022,604.8,COAL,eia_exact,0.9028
Belle River,6034,1,2022,692.0,COAL,observed_peak,0.7899
Belle River,6034,2,2022,678.0,COAL,observed_peak,0.7991
Big Cajun 2,6055,2B3,2022,576.0,COAL,observed_peak,0.7002
Sherburne County,6090,1,2022,765.3,COAL,eia_exact,0.6303
Sherburne County,6090,2,2022,764.0,COAL,observed_peak,0.6304
Sherburne County,6090,3,2022,938.7,COAL,eia_exact,0.7286
Big Stone,6098,1,2022,450.0,COAL,eia_exact,0.6681
Gibson,6113,2,2022,667.9,COAL,eia_exact,0.6133
Gibson,6113,4,2022,667.9,COAL,eia_exact,0.5949
Gibson,6113,5,2022,667.9,COAL,eia_exact,0.5544
Rush Island,6155,1,2022,639.0,COAL,observed_peak,0.7516
Rush Island,6155,2,2022,648.0,COAL,observed_peak,0.7816
Brame Energy Center,6190,2,2022,558.0,COAL,eia_exact,0.5861
Merom,6213,1SG1,2022,520.0,COAL,observed_peak,0.8134
Merom,6213,2SG1,2022,523.0,COAL,observed_peak,0.77
Ottumwa,6254,1,2022,725.9,COAL,eia_exact,0.732
Louisa,6664,101,2022,814.0,COAL,observed_peak,0.7942
Alcoa Allowance Management Inc,6705,1,2022,166.6,COAL,eia_exact,0.8113
Alcoa Allowance Management Inc,6705,2,2022,166.6,COAL,eia_exact,0.7456
Alcoa Allowance Management Inc,6705,3,2022,166.6,COAL,eia_exact,0.7532
Alcoa Allowance Management Inc,6705,4,2022,323.0,COAL,eia_exact,0.8302
D B Wilson,6823,W1,2022,509.4,COAL,eia_digits,0.6847
Coyote,8222,B1,2022,450.0,COAL,eia_digits,0.7553
Archer Daniels Midland Co.,10865,FBC1,2022,30.5,COAL,optime_proxy,0.9904
Archer Daniels Midland Co.,10865,FBC2,2022,30.5,COAL,optime_proxy,0.9869
Archer Daniels Midland Co.,10865,FBC3,2022,30.5,COAL,optime_proxy,0.9872
Archer Daniels Midland Co.,10865,FBC4,2022,30.5,COAL,optime_proxy,0.9969
Archer Daniels Midland Co.,10865,FBC5,2022,30.5,COAL,optime_proxy,0.9734
Archer Daniels Midland Co.,10865,FBC6,2022,30.5,COAL,optime_proxy,0.9628
Archer Daniels Midland Co.,10865,FBC7,2022,30.5,COAL,optime_proxy,0.997
Archer Daniels Midland Co.,10865,FBC8,2022,30.5,COAL,optime_proxy,0.9802
Archer Daniels Midland Co.,10865,FBC9,2022,30.5,COAL,optime_proxy,1.0
Purdue University-Wade Utility,50240,5,2022,10.8,COAL,optime_proxy,0.9979
TES Filer City Station,50835,1,2022,35.0,COAL,optime_proxy,0.9763
TES Filer City Station,50835,2,2022,35.0,COAL,optime_proxy,0.9865
Prairie State Generating Station,55856,01,2022,882.0,COAL,observed_peak,0.8833
Prairie State Generating Station,55856,02,2022,884.0,COAL,observed_peak,0.8703
Elm Road Generating Station,56068,1,2022,701.3,COAL,eia_exact,0.7811
Elm Road Generating Station,56068,2,2022,701.3,COAL,eia_exact,0.6844
Plum Point Energy Station,56456,1,2022,720.0,COAL,eia_digits,0.8575
Spiritwood Station,56786,001,2022,106.2,COAL,optime_proxy,0.9999
Baldwin Energy Complex,889,1,2023,625.1,COAL,eia_exact,0.6721
Baldwin Energy Complex,889,2,2023,634.5,COAL,eia_exact,0.6754
Marion,976,123,2023,120.0,COAL,observed_peak,0.6605
IPL - Petersburg Generating Station,994,2,2023,2.7,COAL,eia_digits,123.8879
IPL - Petersburg Generating Station,994,3,2023,581.0,COAL,observed_peak,0.5949
Michigan City Generating Station,997,12,2023,540.0,COAL,eia_exact,0.6398
Cayuga,1001,1,2023,531.0,COAL,eia_exact,0.6518
Cayuga,1001,2,2023,531.0,COAL,eia_exact,0.6547
Edwardsport Generating Station,1004,CTG1,2023,406.3,COAL,eia_digits_cc,0.8507
Edwardsport Generating Station,1004,CTG2,2023,406.3,COAL,eia_digits_cc,0.8787
F B Culley Generating Station,1012,3,2023,265.2,COAL,eia_exact,0.8154
Prairie Creek,1073,3,2023,99.4,COAL,optime_proxy,0.9696
Walter Scott Jr. Energy Center,1082,3,2023,725.8,COAL,eia_exact,0.8004
Walter Scott Jr. Energy Center,1082,4,2023,922.5,COAL,eia_exact,0.6768
Muscatine,1167,8,2023,75.0,COAL,eia_exact,0.5933
R S Nelson,1393,6,2023,614.6,COAL,eia_exact,0.6114
Dan E Karn,1702,1,2023,259.0,COAL,observed_peak,0.7304
Dan E Karn,1702,2,2023,256.0,COAL,observed_peak,0.9
J H Campbell,1710,1,2023,265.2,COAL,eia_exact,0.7971
J H Campbell,1710,2,2023,378.8,COAL,eia_exact,0.6066
J H Campbell,1710,3,2023,916.8,COAL,eia_exact,0.8627
Monroe,1733,1,2023,817.2,COAL,eia_exact,0.6753
Monroe,1733,2,2023,822.6,COAL,eia_exact,0.6433
Monroe,1733,3,2023,822.6,COAL,eia_exact,0.6254
Monroe,1733,4,2023,817.2,COAL,eia_exact,0.598
Boswell Energy Center,1893,3,2023,364.5,COAL,eia_exact,0.7831
Boswell Energy Center,1893,4,2023,558.0,COAL,eia_exact,0.8584
Allen S King,1915,1,2023,598.4,COAL,eia_exact,0.7439
Labadie,2103,1,2023,573.7,COAL,eia_exact,0.8954
Labadie,2103,2,2023,573.7,COAL,eia_exact,0.8927
Labadie,2103,3,2023,621.0,COAL,eia_exact,0.7829
Labadie,2103,4,2023,621.0,COAL,eia_exact,0.8102
Sioux,2107,1,2023,549.7,COAL,eia_exact,0.6323
Sioux,2107,2,2023,549.7,COAL,eia_exact,0.6373
Milton R Young,2823,B1,2023,257.0,COAL,eia_digits,0.876
Milton R Young,2823,B2,2023,477.0,COAL,eia_digits,0.8346
South Oak Creek,4041,5,2023,256.0,COAL,observed_peak,0.7432
South Oak Creek,4041,6,2023,261.0,COAL,observed_peak,0.6708
South Oak Creek,4041,7,2023,317.6,COAL,eia_exact,0.7498
South Oak Creek,4041,8,2023,324.0,COAL,eia_exact,0.7581
Edgewater (4050),4050,5,2023,413.7,COAL,eia_exact,0.6859
Weston,4078,3,2023,350.5,COAL,eia_exact,0.6571
Weston,4078,4,2023,595.0,COAL,eia_exact,0.7804
Newton,6017,1,2023,617.4,COAL,eia_exact,0.6901
Coal Creek,6030,1,2023,604.8,COAL,eia_exact,0.7409
Coal Creek,6030,2,2023,604.8,COAL,eia_exact,0.8885
Belle River,6034,1,2023,701.0,COAL,observed_peak,0.644
Belle River,6034,2,2023,672.0,COAL,observed_peak,0.631
Big Cajun 2,6055,2B1,2023,573.0,COAL,observed_peak,0.622
Big Cajun 2,6055,2B3,2023,562.0,COAL,observed_peak,0.6014
Sherburne County,6090,1,2023,765.3,COAL,eia_exact,0.5859
Sherburne County,6090,2,2023,612.0,COAL,observed_peak,0.7545
Sherburne County,6090,3,2023,938.7,COAL,eia_exact,0.7265
Rush Island,6155,1,2023,632.0,COAL,observed_peak,0.5692
Rush Island,6155,2,2023,638.0,COAL,observed_peak,0.6423
Merom,6213,1SG1,2023,534.0,COAL,observed_peak,0.6621
Merom,6213,2SG1,2023,523.0,COAL,observed_peak,0.6988
Ottumwa,6254,1,2023,725.9,COAL,eia_exact,0.6847
Louisa,6664,101,2023,806.0,COAL,observed_peak,0.665
Alcoa Allowance Management Inc,6705,1,2023,166.6,COAL,eia_exact,0.6508
Alcoa Allowance Management Inc,6705,2,2023,166.6,COAL,eia_exact,0.7217
Alcoa Allowance Management Inc,6705,3,2023,166.6,COAL,eia_exact,0.6281
Alcoa Allowance Management Inc,6705,4,2023,323.0,COAL,eia_exact,0.7823
D B Wilson,6823,W1,2023,509.4,COAL,eia_digits,0.7192
George Neal South,7343,4,2023,695.9,COAL,eia_exact,0.5576
Columbia,8023,1,2023,556.0,COAL,eia_exact,0.5607
Columbia,8023,2,2023,556.0,COAL,eia_exact,0.6487
Coyote,8222,B1,2023,450.0,COAL,eia_digits,0.72
Archer Daniels Midland Co.,10865,FBC1,2023,30.5,COAL,optime_proxy,0.9692
Archer Daniels Midland Co.,10865,FBC2,2023,30.5,COAL,optime_proxy,0.9877
Archer Daniels Midland Co.,10865,FBC3,2023,30.5,COAL,optime_proxy,0.9769
Archer Daniels Midland Co.,10865,FBC4,2023,30.5,COAL,optime_proxy,0.9817
Archer Daniels Midland Co.,10865,FBC5,2023,30.5,COAL,optime_proxy,0.9673
Archer Daniels Midland Co.,10865,FBC6,2023,30.5,COAL,optime_proxy,0.9874
Archer Daniels Midland Co.,10865,FBC7,2023,30.5,COAL,optime_proxy,0.9891
Archer Daniels Midland Co.,10865,FBC8,2023,30.5,COAL,optime_proxy,0.9842
Archer Daniels Midland Co.,10865,FBC9,2023,30.5,COAL,optime_proxy,0.99
Purdue University-Wade Utility,50240,5,2023,10.8,COAL,optime_proxy,0.9501
TES Filer City Station,50835,1,2023,35.0,COAL,optime_proxy,0.963
TES Filer City Station,50835,2,2023,35.0,COAL,optime_proxy,0.8712
Prairie State Generating Station,55856,01,2023,884.0,COAL,observed_peak,0.9035
Prairie State Generating Station,55856,02,2023,885.0,COAL,observed_peak,0.9154
Elm Road Generating Station,56068,1,2023,701.3,COAL,eia_exact,0.8003
Elm Road Generating Station,56068,2,2023,701.3,COAL,eia_exact,0.809
Plum Point Energy Station,56456,1,2023,720.0,COAL,eia_digits,0.6859
Spiritwood Station,56786,001,2023,106.2,COAL,optime_proxy,0.9738
Baldwin Energy Complex,889,1,2024,625.1,COAL,eia_exact,0.7368
Baldwin Energy Complex,889,2,2024,634.5,COAL,eia_exact,0.7174
Marion,976,123,2024,120.0,COAL,observed_peak,0.6564
Michigan City Generating Station,997,12,2024,540.0,COAL,eia_exact,0.6391
Cayuga,1001,1,2024,531.0,COAL,eia_exact,0.6018
Cayuga,1001,2,2024,531.0,COAL,eia_exact,0.6978
Edwardsport Generating Station,1004,CTG1,2024,406.3,COAL,eia_digits_cc,0.8521
Edwardsport Generating Station,1004,CTG2,2024,406.3,COAL,eia_digits_cc,0.8028
F B Culley Generating Station,1012,3,2024,265.2,COAL,eia_exact,0.7867
Prairie Creek,1073,3,2024,99.4,COAL,optime_proxy,0.9892
Walter Scott Jr. Energy Center,1082,3,2024,725.8,COAL,eia_exact,0.6882
Walter Scott Jr. Energy Center,1082,4,2024,922.5,COAL,eia_exact,0.6676
Muscatine,1167,8,2024,75.0,COAL,eia_exact,0.6213
Muscatine,1167,9,2024,175.5,COAL,eia_exact,0.5582
J H Campbell,1710,1,2024,265.2,COAL,eia_exact,0.9399
J H Campbell,1710,2,2024,378.8,COAL,eia_exact,0.6943
J H Campbell,1710,3,2024,916.8,COAL,eia_exact,0.8993
Monroe,1733,1,2024,817.2,COAL,eia_exact,0.6995
Monroe,1733,2,2024,822.6,COAL,eia_exact,0.6532
Monroe,1733,3,2024,822.6,COAL,eia_exact,0.647
Monroe,1733,4,2024,817.2,COAL,eia_exact,0.6427
Boswell Energy Center,1893,3,2024,364.5,COAL,eia_exact,0.6537
Boswell Energy Center,1893,4,2024,558.0,COAL,eia_exact,0.7128
Allen S King,1915,1,2024,598.4,COAL,eia_exact,0.7398
Labadie,2103,1,2024,573.7,COAL,eia_exact,0.9289
Labadie,2103,2,2024,573.7,COAL,eia_exact,0.9069
Labadie,2103,3,2024,621.0,COAL,eia_exact,0.7758
Labadie,2103,4,2024,621.0,COAL,eia_exact,0.8137
Sioux,2107,2,2024,549.7,COAL,eia_exact,0.6178
Milton R Young,2823,B1,2024,257.0,COAL,eia_digits,0.8611
Milton R Young,2823,B2,2024,477.0,COAL,eia_digits,0.8478
South Oak Creek,4041,5,2024,243.0,COAL,observed_peak,0.8456
South Oak Creek,4041,6,2024,249.0,COAL,observed_peak,0.7895
South Oak Creek,4041,7,2024,317.6,COAL,eia_exact,0.7143
South Oak Creek,4041,8,2024,324.0,COAL,eia_exact,0.7211
Edgewater (4050),4050,5,2024,413.7,COAL,eia_exact,0.6855
Weston,4078,3,2024,350.5,COAL,eia_exact,0.6461
Weston,4078,4,2024,595.0,COAL,eia_exact,0.7184
Newton,6017,1,2024,617.4,COAL,eia_exact,0.6116
Coal Creek,6030,1,2024,604.8,COAL,eia_exact,0.8738
Coal Creek,6030,2,2024,604.8,COAL,eia_exact,0.8517
Belle River,6034,1,2024,692.0,COAL,observed_peak,0.6918
Belle River,6034,2,2024,700.0,COAL,observed_peak,0.6598
Sherburne County,6090,1,2024,765.3,COAL,eia_exact,0.6161
Sherburne County,6090,3,2024,938.7,COAL,eia_exact,0.6251
Gibson,6113,1,2024,667.9,COAL,eia_exact,0.6131
Gibson,6113,2,2024,667.9,COAL,eia_exact,0.5831
Gibson,6113,3,2024,667.9,COAL,eia_exact,0.5573
Gibson,6113,4,2024,667.9,COAL,eia_exact,0.6091
Rush Island,6155,1,2024,620.0,COAL,observed_peak,0.5521
Rush Island,6155,2,2024,631.0,COAL,observed_peak,0.5814
Merom,6213,1SG1,2024,529.0,COAL,observed_peak,0.6619
Merom,6213,2SG1,2024,535.0,COAL,observed_peak,0.6348
Ottumwa,6254,1,2024,725.9,COAL,eia_exact,0.5832
Independence,6641,2,2024,900.0,COAL,eia_exact,0.5846
Alcoa Allowance Management Inc,6705,1,2024,166.6,COAL,eia_exact,0.672
Alcoa Allowance Management Inc,6705,2,2024,166.6,COAL,eia_exact,0.6496
Alcoa Allowance Management Inc,6705,3,2024,166.6,COAL,eia_exact,0.6687
Alcoa Allowance Management Inc,6705,4,2024,323.0,COAL,eia_exact,0.7318
D B Wilson,6823,W1,2024,509.4,COAL,eia_digits,0.7341
Columbia,8023,1,2024,556.0,COAL,eia_exact,0.5844
Columbia,8023,2,2024,556.0,COAL,eia_exact,0.64
Coyote,8222,B1,2024,450.0,COAL,eia_digits,0.628
Archer Daniels Midland Co.,10865,FBC1,2024,30.5,COAL,optime_proxy,0.9722
Archer Daniels Midland Co.,10865,FBC2,2024,30.5,COAL,optime_proxy,0.9924
Archer Daniels Midland Co.,10865,FBC3,2024,30.5,COAL,optime_proxy,0.9548
Archer Daniels Midland Co.,10865,FBC4,2024,30.5,COAL,optime_proxy,0.9919
Archer Daniels Midland Co.,10865,FBC5,2024,30.5,COAL,optime_proxy,0.9772
Archer Daniels Midland Co.,10865,FBC6,2024,30.5,COAL,optime_proxy,0.9824
Archer Daniels Midland Co.,10865,FBC7,2024,30.5,COAL,optime_proxy,1.0
Archer Daniels Midland Co.,10865,FBC8,2024,30.5,COAL,optime_proxy,0.9786
Archer Daniels Midland Co.,10865,FBC9,2024,30.5,COAL,optime_proxy,0.9998
Purdue University-Wade Utility,50240,5,2024,10.8,COAL,optime_proxy,0.8923
TES Filer City Station,50835,1,2024,35.0,COAL,optime_proxy,0.8752
TES Filer City Station,50835,2,2024,35.0,COAL,optime_proxy,0.9582
Prairie State Generating Station,55856,01,2024,887.0,COAL,observed_peak,0.8834
Prairie State Generating Station,55856,02,2024,890.0,COAL,observed_peak,0.9139
Elm Road Generating Station,56068,1,2024,701.3,COAL,eia_exact,0.8589
Elm Road Generating Station,56068,2,2024,701.3,COAL,eia_exact,0.8407
Plum Point Energy Station,56456,1,2024,720.0,COAL,eia_digits,0.6151
Spiritwood Station,56786,001,2024,106.2,COAL,optime_proxy,0.9971
Baldwin Energy Complex,889,1,2025,625.1,COAL,eia_exact,0.7286
Baldwin Energy Complex,889,2,2025,634.5,COAL,eia_exact,0.8004
Dallman,963,4,2025,230.1,COAL,eia_exact,0.6059
Marion,976,123,2025,120.0,COAL,observed_peak,0.703
IPL - Petersburg Generating Station,994,3,2025,579.0,COAL,observed_peak,0.6738
IPL - Petersburg Generating Station,994,4,2025,670.9,COAL,eia_exact,0.6266
Michigan City Generating Station,997,12,2025,540.0,COAL,eia_exact,0.6532
Cayuga,1001,1,2025,531.0,COAL,eia_exact,0.6717
Cayuga,1001,2,2025,531.0,COAL,eia_exact,0.6659
Edwardsport Generating Station,1004,CTG1,2025,406.3,COAL,eia_digits_cc,0.8403
Edwardsport Generating Station,1004,CTG2,2025,406.3,COAL,eia_digits_cc,0.8474
F B Culley Generating Station,1012,3,2025,265.2,COAL,eia_exact,0.8322
Prairie Creek,1073,3,2025,99.4,COAL,optime_proxy,0.9901
Walter Scott Jr. Energy Center,1082,3,2025,725.8,COAL,eia_exact,0.7958
Walter Scott Jr. Energy Center,1082,4,2025,922.5,COAL,eia_exact,0.6241
Muscatine,1167,9,2025,175.5,COAL,eia_exact,0.5798
R S Nelson,1393,6,2025,614.6,COAL,eia_exact,0.6827
J H Campbell,1710,1,2025,265.2,COAL,eia_exact,0.8367
J H Campbell,1710,2,2025,378.8,COAL,eia_exact,0.655
J H Campbell,1710,3,2025,916.8,COAL,eia_exact,0.7785
Monroe,1733,1,2025,817.2,COAL,eia_exact,0.7682
Monroe,1733,2,2025,822.6,COAL,eia_exact,0.7236
Monroe,1733,3,2025,822.6,COAL,eia_exact,0.7438
Monroe,1733,4,2025,817.2,COAL,eia_exact,0.7141
Boswell Energy Center,1893,3,2025,364.5,COAL,eia_exact,0.7786
Boswell Energy Center,1893,4,2025,558.0,COAL,eia_exact,0.8931
Allen S King,1915,1,2025,598.4,COAL,eia_exact,0.7954
Labadie,2103,1,2025,573.7,COAL,eia_exact,0.987
Labadie,2103,2,2025,573.7,COAL,eia_exact,0.9674
Labadie,2103,3,2025,621.0,COAL,eia_exact,0.8579
Labadie,2103,4,2025,621.0,COAL,eia_exact,0.8238
Sioux,2107,1,2025,549.7,COAL,eia_exact,0.6899
Sioux,2107,2,2025,549.7,COAL,eia_exact,0.6827
Milton R Young,2823,B1,2025,257.0,COAL,eia_digits,0.9152
Milton R Young,2823,B2,2025,477.0,COAL,eia_digits,0.8878
South Oak Creek,4041,7,2025,317.6,COAL,eia_exact,0.7216
South Oak Creek,4041,8,2025,324.0,COAL,eia_exact,0.6751
Edgewater (4050),4050,5,2025,413.7,COAL,eia_exact,0.7518
Weston,4078,3,2025,350.5,COAL,eia_exact,0.7387
Weston,4078,4,2025,595.0,COAL,eia_exact,0.8179
J P Madgett,4271,B1,2025,387.0,COAL,eia_digits,0.5666
Newton,6017,1,2025,617.4,COAL,eia_exact,0.7679
Coal Creek,6030,1,2025,604.8,COAL,eia_exact,0.9338
Coal Creek,6030,2,2025,604.8,COAL,eia_exact,0.9085
Belle River,6034,2,2025,700.0,COAL,observed_peak,0.7192
Big Cajun 2,6055,2B1,2025,406.0,COAL,observed_peak,0.7248
Big Cajun 2,6055,2B3,2025,582.0,COAL,observed_peak,0.6506
R M Schahfer Generating Station,6085,18,2025,423.5,COAL,eia_exact,0.6023
Sherburne County,6090,1,2025,765.3,COAL,eia_exact,0.6612
Sherburne County,6090,3,2025,938.7,COAL,eia_exact,0.7797
Big Stone,6098,1,2025,450.0,COAL,eia_exact,0.6107
Gibson,6113,1,2025,667.9,COAL,eia_exact,0.633
Gibson,6113,2,2025,667.9,COAL,eia_exact,0.5963
Gibson,6113,3,2025,667.9,COAL,eia_exact,0.5733
Gibson,6113,4,2025,667.9,COAL,eia_exact,0.5917
Merom,6213,1SG1,2025,530.0,COAL,observed_peak,0.7195
Merom,6213,2SG1,2025,535.0,COAL,observed_peak,0.7276
Ottumwa,6254,1,2025,725.9,COAL,eia_exact,0.7916
Independence,6641,1,2025,900.0,COAL,eia_exact,0.6714
Independence,6641,2,2025,900.0,COAL,eia_exact,0.7235
Louisa,6664,101,2025,807.0,COAL,observed_peak,0.7483
Alcoa Allowance Management Inc,6705,1,2025,166.6,COAL,eia_exact,0.7278
Alcoa Allowance Management Inc,6705,3,2025,166.6,COAL,eia_exact,0.6605
Alcoa Allowance Management Inc,6705,4,2025,323.0,COAL,eia_exact,0.7046
D B Wilson,6823,W1,2025,509.4,COAL,eia_digits,0.6805
George Neal South,7343,4,2025,695.9,COAL,eia_exact,0.6159
Columbia,8023,1,2025,556.0,COAL,eia_exact,0.7361
Columbia,8023,2,2025,556.0,COAL,eia_exact,0.7934
Coyote,8222,B1,2025,450.0,COAL,eia_digits,0.7495
Archer Daniels Midland Co.,10865,FBC1,2025,33.5,COAL,optime_proxy,0.972
Archer Daniels Midland Co.,10865,FBC2,2025,33.5,COAL,optime_proxy,0.9793
Archer Daniels Midland Co.,10865,FBC3,2025,33.5,COAL,optime_proxy,0.966
Archer Daniels Midland Co.,10865,FBC4,2025,33.5,COAL,optime_proxy,0.9733
Archer Daniels Midland Co.,10865,FBC5,2025,33.5,COAL,optime_proxy,0.986
Archer Daniels Midland Co.,10865,FBC6,2025,33.5,COAL,optime_proxy,0.9905
Archer Daniels Midland Co.,10865,FBC8,2025,33.5,COAL,optime_proxy,0.9846
Archer Daniels Midland Co.,10865,FBC9,2025,33.5,COAL,optime_proxy,0.9783
Purdue University-Wade Utility,50240,5,2025,10.8,COAL,optime_proxy,1.0
TES Filer City Station,50835,1,2025,35.0,COAL,optime_proxy,0.9142
TES Filer City Station,50835,2,2025,35.0,COAL,optime_proxy,0.931
Prairie State Generating Station,55856,01,2025,888.0,COAL,observed_peak,0.8883
Prairie State Generating Station,55856,02,2025,885.0,COAL,observed_peak,0.9329
Elm Road Generating Station,56068,1,2025,701.3,COAL,eia_exact,0.8138
Elm Road Generating Station,56068,2,2025,701.3,COAL,eia_exact,0.8391
Plum Point Energy Station,56456,1,2025,720.0,COAL,eia_digits,0.8168
Spiritwood Station,56786,001,2025,106.2,COAL,optime_proxy,0.9906
